<annotation>
  <folder>xy</folder>
  <filename>xy_096_158_224aca3c-677e-11eb-99a3-1c1bb530dd88.jpg</filename>
  <source>
    <database>Unknown</database>
    <annotation>Unknown</annotation>
    <image>Unknown</image>
  </source>
  <size>
    <width>224</width>
    <height>224</height>
    <depth></depth>
  </size>
  <segmented>0</segmented>
  <object>
    <name>blue-line</name>
    <occluded>0</occluded>
    <bndbox>
      <xmin>136.76</xmin>
      <ymin>165.4</ymin>
      <xmax>179.27</xmax>
      <ymax>194.18</ymax>
    </bndbox>
  </object>
  <object>
    <name>blue-line</name>
    <occluded>0</occluded>
    <bndbox>
      <xmin>73.24</xmin>
      <ymin>144.92</ymin>
      <xmax>107.72</xmax>
      <ymax>162.03</ymax>
    </bndbox>
  </object>
  <object>
    <name>blue-line</name>
    <occluded>0</occluded>
    <bndbox>
      <xmin>36.68</xmin>
      <ymin>135.85</ymin>
      <xmax>55.61</xmax>
      <ymax>144.66</ymax>
    </bndbox>
  </object>
</annotation>
