<annotation>
  <folder>xy</folder>
  <filename>xy_083_126_e85ff16a-677f-11eb-99a3-1c1bb530dd88.jpg</filename>
  <source>
    <database>Unknown</database>
    <annotation>Unknown</annotation>
    <image>Unknown</image>
  </source>
  <size>
    <width>224</width>
    <height>224</height>
    <depth></depth>
  </size>
  <segmented>0</segmented>
  <object>
    <name>blue-line</name>
    <occluded>0</occluded>
    <bndbox>
      <xmin>96.05</xmin>
      <ymin>147.51</ymin>
      <xmax>123.79</xmax>
      <ymax>175.0</ymax>
    </bndbox>
  </object>
  <object>
    <name>blue-line</name>
    <occluded>0</occluded>
    <bndbox>
      <xmin>72.46</xmin>
      <ymin>121.85</ymin>
      <xmax>90.35</xmax>
      <ymax>135.33</ymax>
    </bndbox>
  </object>
  <object>
    <name>blue-line</name>
    <occluded>0</occluded>
    <bndbox>
      <xmin>55.09</xmin>
      <ymin>110.18</ymin>
      <xmax>67.27</xmax>
      <ymax>116.4</ymax>
    </bndbox>
  </object>
</annotation>
