<annotation>
  <folder>xy</folder>
  <filename>xy_091_153_58b0da34-677f-11eb-99a3-1c1bb530dd88.jpg</filename>
  <source>
    <database>Unknown</database>
    <annotation>Unknown</annotation>
    <image>Unknown</image>
  </source>
  <size>
    <width>224</width>
    <height>224</height>
    <depth></depth>
  </size>
  <segmented>0</segmented>
  <object>
    <name>blue-line</name>
    <occluded>0</occluded>
    <bndbox>
      <xmin>78.16</xmin>
      <ymin>143.88</ymin>
      <xmax>103.57</xmax>
      <ymax>164.37</ymax>
    </bndbox>
  </object>
  <object>
    <name>blue-line</name>
    <occluded>0</occluded>
    <bndbox>
      <xmin>108.5</xmin>
      <ymin>117.44</ymin>
      <xmax>123.79</xmax>
      <ymax>128.85</ymax>
    </bndbox>
  </object>
  <object>
    <name>blue-line</name>
    <occluded>0</occluded>
    <bndbox>
      <xmin>122.5</xmin>
      <ymin>103.44</ymin>
      <xmax>134.94</xmax>
      <ymax>109.66</ymax>
    </bndbox>
  </object>
</annotation>
