<annotation>
  <folder>xy</folder>
  <filename>xy_069_161_00beaf4e-6780-11eb-99a3-1c1bb530dd88.jpg</filename>
  <source>
    <database>Unknown</database>
    <annotation>Unknown</annotation>
    <image>Unknown</image>
  </source>
  <size>
    <width>224</width>
    <height>224</height>
    <depth></depth>
  </size>
  <segmented>0</segmented>
  <object>
    <name>blue-line</name>
    <occluded>0</occluded>
    <bndbox>
      <xmin>97.61</xmin>
      <ymin>170.85</ymin>
      <xmax>133.13</xmax>
      <ymax>199.11</ymax>
    </bndbox>
  </object>
  <object>
    <name>blue-line</name>
    <occluded>0</occluded>
    <bndbox>
      <xmin>56.38</xmin>
      <ymin>151.4</ymin>
      <xmax>80.76</xmax>
      <ymax>168.0</ymax>
    </bndbox>
  </object>
  <object>
    <name>blue-line</name>
    <occluded>0</occluded>
    <bndbox>
      <xmin>24.24</xmin>
      <ymin>140.0</ymin>
      <xmax>42.64</xmax>
      <ymax>151.14</ymax>
    </bndbox>
  </object>
</annotation>
