<annotation>
  <folder>xy</folder>
  <filename>xy_072_151_f39a8f5e-677f-11eb-99a3-1c1bb530dd88.jpg</filename>
  <source>
    <database>Unknown</database>
    <annotation>Unknown</annotation>
    <image>Unknown</image>
  </source>
  <size>
    <width>224</width>
    <height>224</height>
    <depth></depth>
  </size>
  <segmented>0</segmented>
  <object>
    <name>blue-line</name>
    <occluded>0</occluded>
    <bndbox>
      <xmin>102.01</xmin>
      <ymin>161.51</ymin>
      <xmax>144.27</xmax>
      <ymax>187.7</ymax>
    </bndbox>
  </object>
  <object>
    <name>blue-line</name>
    <occluded>0</occluded>
    <bndbox>
      <xmin>47.57</xmin>
      <ymin>144.4</ymin>
      <xmax>77.13</xmax>
      <ymax>158.4</ymax>
    </bndbox>
  </object>
  <object>
    <name>blue-line</name>
    <occluded>0</occluded>
    <bndbox>
      <xmin>15.68</xmin>
      <ymin>137.66</ymin>
      <xmax>32.27</xmax>
      <ymax>145.44</ymax>
    </bndbox>
  </object>
</annotation>
