<annotation>
  <folder>xy</folder>
  <filename>xy_092_144_97818f96-6780-11eb-99a3-1c1bb530dd88.jpg</filename>
  <source>
    <database>Unknown</database>
    <annotation>Unknown</annotation>
    <image>Unknown</image>
  </source>
  <size>
    <width>224</width>
    <height>224</height>
    <depth></depth>
  </size>
  <segmented>0</segmented>
  <object>
    <name>blue-line</name>
    <occluded>0</occluded>
    <bndbox>
      <xmin>135.46</xmin>
      <ymin>166.96</ymin>
      <xmax>173.05</xmax>
      <ymax>199.88</ymax>
    </bndbox>
  </object>
  <object>
    <name>blue-line</name>
    <occluded>0</occluded>
    <bndbox>
      <xmin>77.38</xmin>
      <ymin>133.51</ymin>
      <xmax>102.01</xmax>
      <ymax>147.0</ymax>
    </bndbox>
  </object>
  <object>
    <name>blue-line</name>
    <occluded>0</occluded>
    <bndbox>
      <xmin>39.27</xmin>
      <ymin>122.11</ymin>
      <xmax>56.64</xmax>
      <ymax>129.89</ymax>
    </bndbox>
  </object>
</annotation>
