<annotation>
  <folder>xy</folder>
  <filename>xy_075_146_9cd7c0d4-677e-11eb-99a3-1c1bb530dd88.jpg</filename>
  <source>
    <database>Unknown</database>
    <annotation>Unknown</annotation>
    <image>Unknown</image>
  </source>
  <size>
    <width>224</width>
    <height>224</height>
    <depth></depth>
  </size>
  <segmented>0</segmented>
  <object>
    <name>blue-line</name>
    <occluded>0</occluded>
    <bndbox>
      <xmin>81.27</xmin>
      <ymin>178.88</ymin>
      <xmax>110.05</xmax>
      <ymax>218.03</ymax>
    </bndbox>
  </object>
  <object>
    <name>blue-line</name>
    <occluded>0</occluded>
    <bndbox>
      <xmin>64.94</xmin>
      <ymin>137.4</ymin>
      <xmax>82.05</xmax>
      <ymax>154.0</ymax>
    </bndbox>
  </object>
  <object>
    <name>blue-line</name>
    <occluded>0</occluded>
    <bndbox>
      <xmin>58.98</xmin>
      <ymin>122.37</ymin>
      <xmax>71.94</xmax>
      <ymax>133.0</ymax>
    </bndbox>
  </object>
</annotation>
