<annotation>
  <folder>xy</folder>
  <filename>xy_099_141_4b869118-6780-11eb-99a3-1c1bb530dd88.jpg</filename>
  <source>
    <database>Unknown</database>
    <annotation>Unknown</annotation>
    <image>Unknown</image>
  </source>
  <size>
    <width>224</width>
    <height>224</height>
    <depth></depth>
  </size>
  <segmented>0</segmented>
  <object>
    <name>blue-line</name>
    <occluded>0</occluded>
    <bndbox>
      <xmin>67.01</xmin>
      <ymin>161.0</ymin>
      <xmax>95.01</xmax>
      <ymax>189.51</ymax>
    </bndbox>
  </object>
  <object>
    <name>blue-line</name>
    <occluded>0</occluded>
    <bndbox>
      <xmin>98.38</xmin>
      <ymin>102.4</ymin>
      <xmax>112.13</xmax>
      <ymax>110.18</ymax>
    </bndbox>
  </object>
  <object>
    <name>blue-line</name>
    <occluded>0</occluded>
    <bndbox>
      <xmin>93.72</xmin>
      <ymin>126.77</ymin>
      <xmax>109.02</xmax>
      <ymax>142.59</ymax>
    </bndbox>
  </object>
</annotation>
