<annotation>
  <folder>xy</folder>
  <filename>xy_094_139_db05ba32-677e-11eb-99a3-1c1bb530dd88.jpg</filename>
  <source>
    <database>Unknown</database>
    <annotation>Unknown</annotation>
    <image>Unknown</image>
  </source>
  <size>
    <width>224</width>
    <height>224</height>
    <depth></depth>
  </size>
  <segmented>0</segmented>
  <object>
    <name>blue-line</name>
    <occluded>0</occluded>
    <bndbox>
      <xmin>105.38</xmin>
      <ymin>179.14</ymin>
      <xmax>134.16</xmax>
      <ymax>216.48</ymax>
    </bndbox>
  </object>
  <object>
    <name>blue-line</name>
    <occluded>0</occluded>
    <bndbox>
      <xmin>84.38</xmin>
      <ymin>130.66</ymin>
      <xmax>104.61</xmax>
      <ymax>146.48</ymax>
    </bndbox>
  </object>
  <object>
    <name>blue-line</name>
    <occluded>0</occluded>
    <bndbox>
      <xmin>63.13</xmin>
      <ymin>111.22</ymin>
      <xmax>75.57</xmax>
      <ymax>118.22</ymax>
    </bndbox>
  </object>
</annotation>
