<annotation>
  <folder>xy</folder>
  <filename>xy_077_141_29574f08-677e-11eb-99a3-1c1bb530dd88.jpg</filename>
  <source>
    <database>Unknown</database>
    <annotation>Unknown</annotation>
    <image>Unknown</image>
  </source>
  <size>
    <width>224</width>
    <height>224</height>
    <depth></depth>
  </size>
  <segmented>0</segmented>
  <object>
    <name>blue-line</name>
    <occluded>0</occluded>
    <bndbox>
      <xmin>80.76</xmin>
      <ymin>153.74</ymin>
      <xmax>100.72</xmax>
      <ymax>177.59</ymax>
    </bndbox>
  </object>
  <object>
    <name>blue-line</name>
    <occluded>0</occluded>
    <bndbox>
      <xmin>63.9</xmin>
      <ymin>130.4</ymin>
      <xmax>80.24</xmax>
      <ymax>142.59</ymax>
    </bndbox>
  </object>
  <object>
    <name>blue-line</name>
    <occluded>0</occluded>
    <bndbox>
      <xmin>49.9</xmin>
      <ymin>117.18</ymin>
      <xmax>62.61</xmax>
      <ymax>124.96</ymax>
    </bndbox>
  </object>
</annotation>
