<annotation>
  <folder>xy</folder>
  <filename>xy_097_135_7c1039ce-6780-11eb-99a3-1c1bb530dd88.jpg</filename>
  <source>
    <database>Unknown</database>
    <annotation>Unknown</annotation>
    <image>Unknown</image>
  </source>
  <size>
    <width>224</width>
    <height>224</height>
    <depth></depth>
  </size>
  <segmented>0</segmented>
  <object>
    <name>blue-line</name>
    <occluded>0</occluded>
    <bndbox>
      <xmin>139.61</xmin>
      <ymin>178.88</ymin>
      <xmax>180.57</xmax>
      <ymax>219.59</ymax>
    </bndbox>
  </object>
  <object>
    <name>blue-line</name>
    <occluded>0</occluded>
    <bndbox>
      <xmin>86.46</xmin>
      <ymin>130.4</ymin>
      <xmax>109.01</xmax>
      <ymax>143.63</ymax>
    </bndbox>
  </object>
  <object>
    <name>blue-line</name>
    <occluded>0</occluded>
    <bndbox>
      <xmin>60.79</xmin>
      <ymin>114.85</ymin>
      <xmax>76.09</xmax>
      <ymax>122.89</ymax>
    </bndbox>
  </object>
</annotation>
