<annotation>
  <folder>xy</folder>
  <filename>xy_087_157_32c671a4-677e-11eb-99a3-1c1bb530dd88.jpg</filename>
  <source>
    <database>Unknown</database>
    <annotation>Unknown</annotation>
    <image>Unknown</image>
  </source>
  <size>
    <width>224</width>
    <height>224</height>
    <depth></depth>
  </size>
  <segmented>0</segmented>
  <object>
    <name>blue-line</name>
    <occluded>0</occluded>
    <bndbox>
      <xmin>113.42</xmin>
      <ymin>173.96</ymin>
      <xmax>146.35</xmax>
      <ymax>201.7</ymax>
    </bndbox>
  </object>
  <object>
    <name>blue-line</name>
    <occluded>0</occluded>
    <bndbox>
      <xmin>71.68</xmin>
      <ymin>145.18</ymin>
      <xmax>94.24</xmax>
      <ymax>162.55</ymax>
    </bndbox>
  </object>
  <object>
    <name>blue-line</name>
    <occluded>0</occluded>
    <bndbox>
      <xmin>46.79</xmin>
      <ymin>127.81</ymin>
      <xmax>63.9</xmax>
      <ymax>138.96</ymax>
    </bndbox>
  </object>
</annotation>
