<annotation>
  <folder>xy</folder>
  <filename>xy_093_139_e81c4d18-677d-11eb-99a3-1c1bb530dd88.jpg</filename>
  <source>
    <database>Unknown</database>
    <annotation>Unknown</annotation>
    <image>Unknown</image>
  </source>
  <size>
    <width>224</width>
    <height>224</height>
    <depth></depth>
  </size>
  <segmented>0</segmented>
  <object>
    <name>blue-line</name>
    <occluded>0</occluded>
    <bndbox>
      <xmin>102.53</xmin>
      <ymin>192.11</ymin>
      <xmax>124.05</xmax>
      <ymax>223.48</ymax>
    </bndbox>
  </object>
  <object>
    <name>blue-line</name>
    <occluded>0</occluded>
    <bndbox>
      <xmin>86.72</xmin>
      <ymin>129.88</ymin>
      <xmax>101.24</xmax>
      <ymax>144.92</ymax>
    </bndbox>
  </object>
  <object>
    <name>blue-line</name>
    <occluded>0</occluded>
    <bndbox>
      <xmin>76.35</xmin>
      <ymin>106.29</ymin>
      <xmax>86.72</xmax>
      <ymax>115.37</ymax>
    </bndbox>
  </object>
</annotation>
