<annotation>
  <folder>xy</folder>
  <filename>xy_082_145_3d95bbc0-677f-11eb-99a3-1c1bb530dd88.jpg</filename>
  <source>
    <database>Unknown</database>
    <annotation>Unknown</annotation>
    <image>Unknown</image>
  </source>
  <size>
    <width>224</width>
    <height>224</height>
    <depth></depth>
  </size>
  <segmented>0</segmented>
  <object>
    <name>blue-line</name>
    <occluded>0</occluded>
    <bndbox>
      <xmin>149.2</xmin>
      <ymin>184.07</ymin>
      <xmax>186.53</xmax>
      <ymax>218.03</ymax>
    </bndbox>
  </object>
  <object>
    <name>blue-line</name>
    <occluded>0</occluded>
    <bndbox>
      <xmin>70.64</xmin>
      <ymin>139.22</ymin>
      <xmax>95.27</xmax>
      <ymax>155.55</ymax>
    </bndbox>
  </object>
  <object>
    <name>blue-line</name>
    <occluded>0</occluded>
    <bndbox>
      <xmin>49.13</xmin>
      <ymin>125.22</ymin>
      <xmax>65.46</xmax>
      <ymax>135.85</ymax>
    </bndbox>
  </object>
</annotation>
