<annotation>
  <folder>xy</folder>
  <filename>xy_078_129_b078526a-677f-11eb-99a3-1c1bb530dd88.jpg</filename>
  <source>
    <database>Unknown</database>
    <annotation>Unknown</annotation>
    <image>Unknown</image>
  </source>
  <size>
    <width>224</width>
    <height>224</height>
    <depth></depth>
  </size>
  <segmented>0</segmented>
  <object>
    <name>blue-line</name>
    <occluded>0</occluded>
    <bndbox>
      <xmin>89.57</xmin>
      <ymin>164.37</ymin>
      <xmax>110.31</xmax>
      <ymax>192.37</ymax>
    </bndbox>
  </object>
  <object>
    <name>blue-line</name>
    <occluded>0</occluded>
    <bndbox>
      <xmin>69.35</xmin>
      <ymin>122.11</ymin>
      <xmax>83.09</xmax>
      <ymax>134.29</ymax>
    </bndbox>
  </object>
  <object>
    <name>blue-line</name>
    <occluded>0</occluded>
    <bndbox>
      <xmin>56.9</xmin>
      <ymin>105.77</ymin>
      <xmax>68.57</xmax>
      <ymax>113.29</ymax>
    </bndbox>
  </object>
</annotation>
