<annotation>
  <folder>xy</folder>
  <filename>xy_083_128_c8fd0954-677d-11eb-99a3-1c1bb530dd88.jpg</filename>
  <source>
    <database>Unknown</database>
    <annotation>Unknown</annotation>
    <image>Unknown</image>
  </source>
  <size>
    <width>224</width>
    <height>224</height>
    <depth></depth>
  </size>
  <segmented>0</segmented>
  <object>
    <name>blue-line</name>
    <occluded>0</occluded>
    <bndbox>
      <xmin>64.94</xmin>
      <ymin>153.48</ymin>
      <xmax>83.35</xmax>
      <ymax>174.48</ymax>
    </bndbox>
  </object>
  <object>
    <name>blue-line</name>
    <occluded>0</occluded>
    <bndbox>
      <xmin>74.53</xmin>
      <ymin>119.77</ymin>
      <xmax>86.2</xmax>
      <ymax>132.74</ymax>
    </bndbox>
  </object>
  <object>
    <name>blue-line</name>
    <occluded>0</occluded>
    <bndbox>
      <xmin>67.01</xmin>
      <ymin>103.18</ymin>
      <xmax>77.9</xmax>
      <ymax>109.92</ymax>
    </bndbox>
  </object>
</annotation>
