<annotation>
  <folder>xy</folder>
  <filename>xy_078_139_a9c9c3ae-677f-11eb-99a3-1c1bb530dd88.jpg</filename>
  <source>
    <database>Unknown</database>
    <annotation>Unknown</annotation>
    <image>Unknown</image>
  </source>
  <size>
    <width>224</width>
    <height>224</height>
    <depth></depth>
  </size>
  <segmented>0</segmented>
  <object>
    <name>blue-line</name>
    <occluded>0</occluded>
    <bndbox>
      <xmin>120.16</xmin>
      <ymin>162.03</ymin>
      <xmax>155.94</xmax>
      <ymax>190.55</ymax>
    </bndbox>
  </object>
  <object>
    <name>blue-line</name>
    <occluded>0</occluded>
    <bndbox>
      <xmin>63.64</xmin>
      <ymin>134.03</ymin>
      <xmax>84.13</xmax>
      <ymax>147.26</ymax>
    </bndbox>
  </object>
  <object>
    <name>blue-line</name>
    <occluded>0</occluded>
    <bndbox>
      <xmin>27.61</xmin>
      <ymin>123.66</ymin>
      <xmax>43.94</xmax>
      <ymax>132.22</ymax>
    </bndbox>
  </object>
</annotation>
