<annotation>
  <folder>xy</folder>
  <filename>xy_096_181_2df09f78-677f-11eb-99a3-1c1bb530dd88.jpg</filename>
  <source>
    <database>Unknown</database>
    <annotation>Unknown</annotation>
    <image>Unknown</image>
  </source>
  <size>
    <width>224</width>
    <height>224</height>
    <depth></depth>
  </size>
  <segmented>0</segmented>
  <object>
    <name>blue-line</name>
    <occluded>0</occluded>
    <bndbox>
      <xmin>81.53</xmin>
      <ymin>168.0</ymin>
      <xmax>106.68</xmax>
      <ymax>200.4</ymax>
    </bndbox>
  </object>
  <object>
    <name>blue-line</name>
    <occluded>0</occluded>
    <bndbox>
      <xmin>54.83</xmin>
      <ymin>123.4</ymin>
      <xmax>69.61</xmax>
      <ymax>136.63</ymax>
    </bndbox>
  </object>
  <object>
    <name>blue-line</name>
    <occluded>0</occluded>
    <bndbox>
      <xmin>49.38</xmin>
      <ymin>110.96</ymin>
      <xmax>60.01</xmax>
      <ymax>119.0</ymax>
    </bndbox>
  </object>
</annotation>
