<annotation>
  <folder>xy</folder>
  <filename>xy_097_139_fc9aa242-677f-11eb-99a3-1c1bb530dd88.jpg</filename>
  <source>
    <database>Unknown</database>
    <annotation>Unknown</annotation>
    <image>Unknown</image>
  </source>
  <size>
    <width>224</width>
    <height>224</height>
    <depth></depth>
  </size>
  <segmented>0</segmented>
  <object>
    <name>blue-line</name>
    <occluded>0</occluded>
    <bndbox>
      <xmin>50.42</xmin>
      <ymin>180.18</ymin>
      <xmax>86.46</xmax>
      <ymax>223.48</ymax>
    </bndbox>
  </object>
  <object>
    <name>blue-line</name>
    <occluded>0</occluded>
    <bndbox>
      <xmin>90.87</xmin>
      <ymin>135.59</ymin>
      <xmax>107.2</xmax>
      <ymax>152.96</ymax>
    </bndbox>
  </object>
  <object>
    <name>blue-line</name>
    <occluded>0</occluded>
    <bndbox>
      <xmin>96.83</xmin>
      <ymin>116.14</ymin>
      <xmax>108.24</xmax>
      <ymax>124.96</ymax>
    </bndbox>
  </object>
</annotation>
