<annotation>
  <folder>xy</folder>
  <filename>xy_093_132_f3168ca6-677d-11eb-99a3-1c1bb530dd88.jpg</filename>
  <source>
    <database>Unknown</database>
    <annotation>Unknown</annotation>
    <image>Unknown</image>
  </source>
  <size>
    <width>224</width>
    <height>224</height>
    <depth></depth>
  </size>
  <segmented>0</segmented>
  <object>
    <name>blue-line</name>
    <occluded>0</occluded>
    <bndbox>
      <xmin>123.79</xmin>
      <ymin>157.88</ymin>
      <xmax>154.39</xmax>
      <ymax>183.81</ymax>
    </bndbox>
  </object>
  <object>
    <name>blue-line</name>
    <occluded>0</occluded>
    <bndbox>
      <xmin>79.2</xmin>
      <ymin>122.88</ymin>
      <xmax>101.24</xmax>
      <ymax>137.66</ymax>
    </bndbox>
  </object>
  <object>
    <name>blue-line</name>
    <occluded>0</occluded>
    <bndbox>
      <xmin>59.76</xmin>
      <ymin>107.33</ymin>
      <xmax>72.2</xmax>
      <ymax>113.81</ymax>
    </bndbox>
  </object>
</annotation>
