<annotation>
  <folder>xy</folder>
  <filename>xy_087_147_61af691a-6780-11eb-99a3-1c1bb530dd88.jpg</filename>
  <source>
    <database>Unknown</database>
    <annotation>Unknown</annotation>
    <image>Unknown</image>
  </source>
  <size>
    <width>224</width>
    <height>224</height>
    <depth></depth>
  </size>
  <segmented>0</segmented>
  <object>
    <name>blue-line</name>
    <occluded>0</occluded>
    <bndbox>
      <xmin>89.05</xmin>
      <ymin>160.22</ymin>
      <xmax>107.72</xmax>
      <ymax>187.18</ymax>
    </bndbox>
  </object>
  <object>
    <name>blue-line</name>
    <occluded>0</occluded>
    <bndbox>
      <xmin>80.5</xmin>
      <ymin>134.55</ymin>
      <xmax>94.76</xmax>
      <ymax>149.59</ymax>
    </bndbox>
  </object>
  <object>
    <name>blue-line</name>
    <occluded>0</occluded>
    <bndbox>
      <xmin>70.64</xmin>
      <ymin>108.63</ymin>
      <xmax>80.24</xmax>
      <ymax>117.96</ymax>
    </bndbox>
  </object>
</annotation>
