<annotation>
  <folder>xy</folder>
  <filename>xy_087_175_d40df6c6-677f-11eb-99a3-1c1bb530dd88.jpg</filename>
  <source>
    <database>Unknown</database>
    <annotation>Unknown</annotation>
    <image>Unknown</image>
  </source>
  <size>
    <width>224</width>
    <height>224</height>
    <depth></depth>
  </size>
  <segmented>0</segmented>
  <object>
    <name>blue-line</name>
    <occluded>0</occluded>
    <bndbox>
      <xmin>109.01</xmin>
      <ymin>155.81</ymin>
      <xmax>130.01</xmax>
      <ymax>183.81</ymax>
    </bndbox>
  </object>
  <object>
    <name>blue-line</name>
    <occluded>0</occluded>
    <bndbox>
      <xmin>98.9</xmin>
      <ymin>119.26</ymin>
      <xmax>111.61</xmax>
      <ymax>131.7</ymax>
    </bndbox>
  </object>
  <object>
    <name>blue-line</name>
    <occluded>0</occluded>
    <bndbox>
      <xmin>84.38</xmin>
      <ymin>102.14</ymin>
      <xmax>98.38</xmax>
      <ymax>109.14</ymax>
    </bndbox>
  </object>
</annotation>
