<annotation>
  <folder>xy</folder>
  <filename>xy_076_137_a54829a0-6780-11eb-99a3-1c1bb530dd88.jpg</filename>
  <source>
    <database>Unknown</database>
    <annotation>Unknown</annotation>
    <image>Unknown</image>
  </source>
  <size>
    <width>224</width>
    <height>224</height>
    <depth></depth>
  </size>
  <segmented>0</segmented>
  <object>
    <name>blue-line</name>
    <occluded>0</occluded>
    <bndbox>
      <xmin>130.01</xmin>
      <ymin>166.7</ymin>
      <xmax>162.94</xmax>
      <ymax>196.26</ymax>
    </bndbox>
  </object>
  <object>
    <name>blue-line</name>
    <occluded>0</occluded>
    <bndbox>
      <xmin>65.46</xmin>
      <ymin>129.63</ymin>
      <xmax>85.94</xmax>
      <ymax>142.85</ymax>
    </bndbox>
  </object>
  <object>
    <name>blue-line</name>
    <occluded>0</occluded>
    <bndbox>
      <xmin>48.87</xmin>
      <ymin>118.48</ymin>
      <xmax>61.05</xmax>
      <ymax>126.77</ymax>
    </bndbox>
  </object>
</annotation>
