<annotation>
  <folder>xy</folder>
  <filename>xy_080_137_bd598d14-677f-11eb-99a3-1c1bb530dd88.jpg</filename>
  <source>
    <database>Unknown</database>
    <annotation>Unknown</annotation>
    <image>Unknown</image>
  </source>
  <size>
    <width>224</width>
    <height>224</height>
    <depth></depth>
  </size>
  <segmented>0</segmented>
  <object>
    <name>blue-line</name>
    <occluded>0</occluded>
    <bndbox>
      <xmin>120.68</xmin>
      <ymin>160.48</ymin>
      <xmax>152.57</xmax>
      <ymax>185.63</ymax>
    </bndbox>
  </object>
  <object>
    <name>blue-line</name>
    <occluded>0</occluded>
    <bndbox>
      <xmin>64.94</xmin>
      <ymin>129.88</ymin>
      <xmax>89.57</xmax>
      <ymax>144.92</ymax>
    </bndbox>
  </object>
  <object>
    <name>blue-line</name>
    <occluded>0</occluded>
    <bndbox>
      <xmin>41.87</xmin>
      <ymin>115.11</ymin>
      <xmax>55.09</xmax>
      <ymax>122.37</ymax>
    </bndbox>
  </object>
</annotation>
