<annotation>
  <folder>xy</folder>
  <filename>xy_093_135_addb626e-677e-11eb-99a3-1c1bb530dd88.jpg</filename>
  <source>
    <database>Unknown</database>
    <annotation>Unknown</annotation>
    <image>Unknown</image>
  </source>
  <size>
    <width>224</width>
    <height>224</height>
    <depth></depth>
  </size>
  <segmented>0</segmented>
  <object>
    <name>blue-line</name>
    <occluded>0</occluded>
    <bndbox>
      <xmin>94.5</xmin>
      <ymin>184.07</ymin>
      <xmax>118.61</xmax>
      <ymax>223.22</ymax>
    </bndbox>
  </object>
  <object>
    <name>blue-line</name>
    <occluded>0</occluded>
    <bndbox>
      <xmin>83.09</xmin>
      <ymin>127.29</ymin>
      <xmax>97.87</xmax>
      <ymax>143.63</ymax>
    </bndbox>
  </object>
  <object>
    <name>blue-line</name>
    <occluded>0</occluded>
    <bndbox>
      <xmin>77.38</xmin>
      <ymin>104.22</ymin>
      <xmax>88.01</xmax>
      <ymax>110.18</ymax>
    </bndbox>
  </object>
</annotation>
