<annotation>
  <folder>xy</folder>
  <filename>xy_096_158_1ea52ff8-677e-11eb-99a3-1c1bb530dd88.jpg</filename>
  <source>
    <database>Unknown</database>
    <annotation>Unknown</annotation>
    <image>Unknown</image>
  </source>
  <size>
    <width>224</width>
    <height>224</height>
    <depth></depth>
  </size>
  <segmented>0</segmented>
  <object>
    <name>blue-line</name>
    <occluded>0</occluded>
    <bndbox>
      <xmin>85.16</xmin>
      <ymin>151.66</ymin>
      <xmax>104.09</xmax>
      <ymax>181.48</ymax>
    </bndbox>
  </object>
  <object>
    <name>blue-line</name>
    <occluded>0</occluded>
    <bndbox>
      <xmin>92.16</xmin>
      <ymin>118.74</ymin>
      <xmax>104.09</xmax>
      <ymax>133.26</ymax>
    </bndbox>
  </object>
  <object>
    <name>blue-line</name>
    <occluded>0</occluded>
    <bndbox>
      <xmin>87.24</xmin>
      <ymin>104.22</ymin>
      <xmax>98.13</xmax>
      <ymax>110.18</ymax>
    </bndbox>
  </object>
</annotation>
