<annotation>
  <folder>xy</folder>
  <filename>xy_095_153_50c7baf8-6780-11eb-99a3-1c1bb530dd88.jpg</filename>
  <source>
    <database>Unknown</database>
    <annotation>Unknown</annotation>
    <image>Unknown</image>
  </source>
  <size>
    <width>224</width>
    <height>224</height>
    <depth></depth>
  </size>
  <segmented>0</segmented>
  <object>
    <name>blue-line</name>
    <occluded>0</occluded>
    <bndbox>
      <xmin>128.46</xmin>
      <ymin>179.4</ymin>
      <xmax>166.83</xmax>
      <ymax>213.37</ymax>
    </bndbox>
  </object>
  <object>
    <name>blue-line</name>
    <occluded>0</occluded>
    <bndbox>
      <xmin>78.68</xmin>
      <ymin>146.22</ymin>
      <xmax>109.79</xmax>
      <ymax>166.96</ymax>
    </bndbox>
  </object>
  <object>
    <name>blue-line</name>
    <occluded>0</occluded>
    <bndbox>
      <xmin>35.38</xmin>
      <ymin>128.59</ymin>
      <xmax>56.13</xmax>
      <ymax>136.89</ymax>
    </bndbox>
  </object>
</annotation>
