<annotation>
  <folder>xy</folder>
  <filename>xy_095_147_d3dfce92-677d-11eb-99a3-1c1bb530dd88.jpg</filename>
  <source>
    <database>Unknown</database>
    <annotation>Unknown</annotation>
    <image>Unknown</image>
  </source>
  <size>
    <width>224</width>
    <height>224</height>
    <depth></depth>
  </size>
  <segmented>0</segmented>
  <object>
    <name>blue-line</name>
    <occluded>0</occluded>
    <bndbox>
      <xmin>82.05</xmin>
      <ymin>136.63</ymin>
      <xmax>101.5</xmax>
      <ymax>155.55</ymax>
    </bndbox>
  </object>
  <object>
    <name>blue-line</name>
    <occluded>0</occluded>
    <bndbox>
      <xmin>61.57</xmin>
      <ymin>112.77</ymin>
      <xmax>73.76</xmax>
      <ymax>121.33</ymax>
    </bndbox>
  </object>
  <object>
    <name>blue-line</name>
    <occluded>0</occluded>
    <bndbox>
      <xmin>42.64</xmin>
      <ymin>103.18</ymin>
      <xmax>54.83</xmax>
      <ymax>110.18</ymax>
    </bndbox>
  </object>
</annotation>
