<annotation>
  <folder>xy</folder>
  <filename>xy_087_152_a1337f14-677f-11eb-99a3-1c1bb530dd88.jpg</filename>
  <source>
    <database>Unknown</database>
    <annotation>Unknown</annotation>
    <image>Unknown</image>
  </source>
  <size>
    <width>224</width>
    <height>224</height>
    <depth></depth>
  </size>
  <segmented>0</segmented>
  <object>
    <name>blue-line</name>
    <occluded>0</occluded>
    <bndbox>
      <xmin>81.27</xmin>
      <ymin>145.44</ymin>
      <xmax>102.79</xmax>
      <ymax>169.29</ymax>
    </bndbox>
  </object>
  <object>
    <name>blue-line</name>
    <occluded>0</occluded>
    <bndbox>
      <xmin>60.79</xmin>
      <ymin>117.7</ymin>
      <xmax>73.24</xmax>
      <ymax>127.29</ymax>
    </bndbox>
  </object>
  <object>
    <name>blue-line</name>
    <occluded>0</occluded>
    <bndbox>
      <xmin>41.61</xmin>
      <ymin>106.03</ymin>
      <xmax>53.79</xmax>
      <ymax>113.03</ymax>
    </bndbox>
  </object>
</annotation>
