<annotation>
  <folder>xy</folder>
  <filename>xy_097_148_c5f60e58-677e-11eb-99a3-1c1bb530dd88.jpg</filename>
  <source>
    <database>Unknown</database>
    <annotation>Unknown</annotation>
    <image>Unknown</image>
  </source>
  <size>
    <width>224</width>
    <height>224</height>
    <depth></depth>
  </size>
  <segmented>0</segmented>
  <object>
    <name>blue-line</name>
    <occluded>0</occluded>
    <bndbox>
      <xmin>83.09</xmin>
      <ymin>136.63</ymin>
      <xmax>106.42</xmax>
      <ymax>153.22</ymax>
    </bndbox>
  </object>
  <object>
    <name>blue-line</name>
    <occluded>0</occluded>
    <bndbox>
      <xmin>130.53</xmin>
      <ymin>175.0</ymin>
      <xmax>166.31</xmax>
      <ymax>208.18</ymax>
    </bndbox>
  </object>
  <object>
    <name>blue-line</name>
    <occluded>0</occluded>
    <bndbox>
      <xmin>53.79</xmin>
      <ymin>114.85</ymin>
      <xmax>72.2</xmax>
      <ymax>122.37</ymax>
    </bndbox>
  </object>
</annotation>
