<annotation>
  <folder>xy</folder>
  <filename>xy_096_155_92f8e3a8-677f-11eb-99a3-1c1bb530dd88.jpg</filename>
  <source>
    <database>Unknown</database>
    <annotation>Unknown</annotation>
    <image>Unknown</image>
  </source>
  <size>
    <width>224</width>
    <height>224</height>
    <depth></depth>
  </size>
  <segmented>0</segmented>
  <object>
    <name>blue-line</name>
    <occluded>0</occluded>
    <bndbox>
      <xmin>85.16</xmin>
      <ymin>144.66</ymin>
      <xmax>107.98</xmax>
      <ymax>165.66</ymax>
    </bndbox>
  </object>
  <object>
    <name>blue-line</name>
    <occluded>0</occluded>
    <bndbox>
      <xmin>64.94</xmin>
      <ymin>119.51</ymin>
      <xmax>82.31</xmax>
      <ymax>130.92</ymax>
    </bndbox>
  </object>
  <object>
    <name>blue-line</name>
    <occluded>0</occluded>
    <bndbox>
      <xmin>44.46</xmin>
      <ymin>107.85</ymin>
      <xmax>58.46</xmax>
      <ymax>114.59</ymax>
    </bndbox>
  </object>
</annotation>
