<annotation>
  <folder>xy</folder>
  <filename>xy_077_156_563cc656-677e-11eb-99a3-1c1bb530dd88.jpg</filename>
  <source>
    <database>Unknown</database>
    <annotation>Unknown</annotation>
    <image>Unknown</image>
  </source>
  <size>
    <width>224</width>
    <height>224</height>
    <depth></depth>
  </size>
  <segmented>0</segmented>
  <object>
    <name>blue-line</name>
    <occluded>0</occluded>
    <bndbox>
      <xmin>64.16</xmin>
      <ymin>149.85</ymin>
      <xmax>88.79</xmax>
      <ymax>174.48</ymax>
    </bndbox>
  </object>
  <object>
    <name>blue-line</name>
    <occluded>0</occluded>
    <bndbox>
      <xmin>96.05</xmin>
      <ymin>121.85</ymin>
      <xmax>114.46</xmax>
      <ymax>134.03</ymax>
    </bndbox>
  </object>
  <object>
    <name>blue-line</name>
    <occluded>0</occluded>
    <bndbox>
      <xmin>119.38</xmin>
      <ymin>103.44</ymin>
      <xmax>129.76</xmax>
      <ymax>108.88</ymax>
    </bndbox>
  </object>
</annotation>
