<annotation>
  <folder>xy</folder>
  <filename>xy_098_140_9d083ea6-6780-11eb-99a3-1c1bb530dd88.jpg</filename>
  <source>
    <database>Unknown</database>
    <annotation>Unknown</annotation>
    <image>Unknown</image>
  </source>
  <size>
    <width>224</width>
    <height>224</height>
    <depth></depth>
  </size>
  <segmented>0</segmented>
  <object>
    <name>blue-line</name>
    <occluded>0</occluded>
    <bndbox>
      <xmin>113.94</xmin>
      <ymin>196.26</ymin>
      <xmax>141.16</xmax>
      <ymax>223.74</ymax>
    </bndbox>
  </object>
  <object>
    <name>blue-line</name>
    <occluded>0</occluded>
    <bndbox>
      <xmin>61.31</xmin>
      <ymin>110.44</ymin>
      <xmax>75.31</xmax>
      <ymax>118.74</ymax>
    </bndbox>
  </object>
  <object>
    <name>blue-line</name>
    <occluded>0</occluded>
    <bndbox>
      <xmin>90.61</xmin>
      <ymin>134.29</ymin>
      <xmax>108.5</xmax>
      <ymax>151.4</ymax>
    </bndbox>
  </object>
</annotation>
