<annotation>
  <folder>xy</folder>
  <filename>xy_093_141_6a85a29e-677f-11eb-99a3-1c1bb530dd88.jpg</filename>
  <source>
    <database>Unknown</database>
    <annotation>Unknown</annotation>
    <image>Unknown</image>
  </source>
  <size>
    <width>224</width>
    <height>224</height>
    <depth></depth>
  </size>
  <segmented>0</segmented>
  <object>
    <name>blue-line</name>
    <occluded>0</occluded>
    <bndbox>
      <xmin>50.68</xmin>
      <ymin>163.33</ymin>
      <xmax>82.31</xmax>
      <ymax>193.66</ymax>
    </bndbox>
  </object>
  <object>
    <name>blue-line</name>
    <occluded>0</occluded>
    <bndbox>
      <xmin>85.16</xmin>
      <ymin>135.07</ymin>
      <xmax>103.83</xmax>
      <ymax>149.07</ymax>
    </bndbox>
  </object>
  <object>
    <name>blue-line</name>
    <occluded>0</occluded>
    <bndbox>
      <xmin>103.31</xmin>
      <ymin>116.66</ymin>
      <xmax>118.35</xmax>
      <ymax>126.26</ymax>
    </bndbox>
  </object>
</annotation>
