<annotation>
  <folder>xy</folder>
  <filename>xy_098_155_a52b7202-677f-11eb-99a3-1c1bb530dd88.jpg</filename>
  <source>
    <database>Unknown</database>
    <annotation>Unknown</annotation>
    <image>Unknown</image>
  </source>
  <size>
    <width>224</width>
    <height>224</height>
    <depth></depth>
  </size>
  <segmented>0</segmented>
  <object>
    <name>blue-line</name>
    <occluded>0</occluded>
    <bndbox>
      <xmin>96.31</xmin>
      <ymin>94.11</ymin>
      <xmax>105.39</xmax>
      <ymax>100.59</ymax>
    </bndbox>
  </object>
  <object>
    <name>blue-line</name>
    <occluded>0</occluded>
    <bndbox>
      <xmin>89.05</xmin>
      <ymin>142.07</ymin>
      <xmax>107.2</xmax>
      <ymax>162.55</ymax>
    </bndbox>
  </object>
  <object>
    <name>blue-line</name>
    <occluded>0</occluded>
    <bndbox>
      <xmin>100.72</xmin>
      <ymin>109.66</ymin>
      <xmax>112.64</xmax>
      <ymax>119.0</ymax>
    </bndbox>
  </object>
</annotation>
