<annotation>
  <folder>xy</folder>
  <filename>xy_077_161_049489fe-6780-11eb-99a3-1c1bb530dd88.jpg</filename>
  <source>
    <database>Unknown</database>
    <annotation>Unknown</annotation>
    <image>Unknown</image>
  </source>
  <size>
    <width>224</width>
    <height>224</height>
    <depth></depth>
  </size>
  <segmented>0</segmented>
  <object>
    <name>blue-line</name>
    <occluded>0</occluded>
    <bndbox>
      <xmin>69.87</xmin>
      <ymin>150.37</ymin>
      <xmax>87.24</xmax>
      <ymax>171.37</ymax>
    </bndbox>
  </object>
  <object>
    <name>blue-line</name>
    <occluded>0</occluded>
    <bndbox>
      <xmin>63.13</xmin>
      <ymin>123.66</ymin>
      <xmax>75.05</xmax>
      <ymax>136.37</ymax>
    </bndbox>
  </object>
  <object>
    <name>blue-line</name>
    <occluded>0</occluded>
    <bndbox>
      <xmin>60.01</xmin>
      <ymin>107.59</ymin>
      <xmax>69.09</xmax>
      <ymax>115.11</ymax>
    </bndbox>
  </object>
</annotation>
