<annotation>
  <folder>xy</folder>
  <filename>xy_095_178_98411930-677e-11eb-99a3-1c1bb530dd88.jpg</filename>
  <source>
    <database>Unknown</database>
    <annotation>Unknown</annotation>
    <image>Unknown</image>
  </source>
  <size>
    <width>224</width>
    <height>224</height>
    <depth></depth>
  </size>
  <segmented>0</segmented>
  <object>
    <name>blue-line</name>
    <occluded>0</occluded>
    <bndbox>
      <xmin>81.53</xmin>
      <ymin>168.77</ymin>
      <xmax>121.72</xmax>
      <ymax>197.81</ymax>
    </bndbox>
  </object>
  <object>
    <name>blue-line</name>
    <occluded>0</occluded>
    <bndbox>
      <xmin>25.27</xmin>
      <ymin>146.22</ymin>
      <xmax>48.09</xmax>
      <ymax>157.11</ymax>
    </bndbox>
  </object>
  <object>
    <name>blue-line</name>
    <occluded>0</occluded>
    <bndbox>
      <xmin>0.13</xmin>
      <ymin>142.85</ymin>
      <xmax>11.79</xmax>
      <ymax>150.11</ymax>
    </bndbox>
  </object>
</annotation>
