<annotation>
  <folder>xy</folder>
  <filename>xy_066_141_4520f18e-677f-11eb-99a3-1c1bb530dd88.jpg</filename>
  <source>
    <database>Unknown</database>
    <annotation>Unknown</annotation>
    <image>Unknown</image>
  </source>
  <size>
    <width>224</width>
    <height>224</height>
    <depth></depth>
  </size>
  <segmented>0</segmented>
  <object>
    <name>blue-line</name>
    <occluded>0</occluded>
    <bndbox>
      <xmin>64.16</xmin>
      <ymin>159.7</ymin>
      <xmax>81.79</xmax>
      <ymax>186.4</ymax>
    </bndbox>
  </object>
  <object>
    <name>blue-line</name>
    <occluded>0</occluded>
    <bndbox>
      <xmin>60.53</xmin>
      <ymin>130.92</ymin>
      <xmax>71.42</xmax>
      <ymax>144.14</ymax>
    </bndbox>
  </object>
  <object>
    <name>blue-line</name>
    <occluded>0</occluded>
    <bndbox>
      <xmin>57.94</xmin>
      <ymin>112.51</ymin>
      <xmax>66.24</xmax>
      <ymax>121.33</ymax>
    </bndbox>
  </object>
</annotation>
