<annotation>
  <folder>xy</folder>
  <filename>xy_090_137_d53d90fc-677e-11eb-99a3-1c1bb530dd88.jpg</filename>
  <source>
    <database>Unknown</database>
    <annotation>Unknown</annotation>
    <image>Unknown</image>
  </source>
  <size>
    <width>224</width>
    <height>224</height>
    <depth></depth>
  </size>
  <segmented>0</segmented>
  <object>
    <name>blue-line</name>
    <occluded>0</occluded>
    <bndbox>
      <xmin>136.24</xmin>
      <ymin>180.18</ymin>
      <xmax>176.16</xmax>
      <ymax>213.63</ymax>
    </bndbox>
  </object>
  <object>
    <name>blue-line</name>
    <occluded>0</occluded>
    <bndbox>
      <xmin>80.24</xmin>
      <ymin>131.44</ymin>
      <xmax>103.31</xmax>
      <ymax>145.96</ymax>
    </bndbox>
  </object>
  <object>
    <name>blue-line</name>
    <occluded>0</occluded>
    <bndbox>
      <xmin>45.24</xmin>
      <ymin>120.55</ymin>
      <xmax>63.9</xmax>
      <ymax>128.33</ymax>
    </bndbox>
  </object>
</annotation>
