<annotation>
  <folder>xy</folder>
  <filename>xy_099_150_9197b300-677e-11eb-99a3-1c1bb530dd88.jpg</filename>
  <source>
    <database>Unknown</database>
    <annotation>Unknown</annotation>
    <image>Unknown</image>
  </source>
  <size>
    <width>224</width>
    <height>224</height>
    <depth></depth>
  </size>
  <segmented>0</segmented>
  <object>
    <name>blue-line</name>
    <occluded>0</occluded>
    <bndbox>
      <xmin>55.35</xmin>
      <ymin>198.85</ymin>
      <xmax>88.79</xmax>
      <ymax>223.48</ymax>
    </bndbox>
  </object>
  <object>
    <name>blue-line</name>
    <occluded>0</occluded>
    <bndbox>
      <xmin>97.87</xmin>
      <ymin>110.44</ymin>
      <xmax>109.27</xmax>
      <ymax>119.26</ymax>
    </bndbox>
  </object>
  <object>
    <name>blue-line</name>
    <occluded>0</occluded>
    <bndbox>
      <xmin>86.2</xmin>
      <ymin>144.4</ymin>
      <xmax>107.46</xmax>
      <ymax>168.51</ymax>
    </bndbox>
  </object>
</annotation>
