<annotation>
  <folder>xy</folder>
  <filename>xy_095_160_17e83308-677f-11eb-99a3-1c1bb530dd88.jpg</filename>
  <source>
    <database>Unknown</database>
    <annotation>Unknown</annotation>
    <image>Unknown</image>
  </source>
  <size>
    <width>224</width>
    <height>224</height>
    <depth></depth>
  </size>
  <segmented>0</segmented>
  <object>
    <name>blue-line</name>
    <occluded>0</occluded>
    <bndbox>
      <xmin>83.09</xmin>
      <ymin>149.85</ymin>
      <xmax>105.39</xmax>
      <ymax>173.7</ymax>
    </bndbox>
  </object>
  <object>
    <name>blue-line</name>
    <occluded>0</occluded>
    <bndbox>
      <xmin>63.13</xmin>
      <ymin>119.77</ymin>
      <xmax>77.13</xmax>
      <ymax>129.63</ymax>
    </bndbox>
  </object>
  <object>
    <name>blue-line</name>
    <occluded>0</occluded>
    <bndbox>
      <xmin>38.24</xmin>
      <ymin>108.63</ymin>
      <xmax>49.39</xmax>
      <ymax>114.07</ymax>
    </bndbox>
  </object>
</annotation>
