<annotation>
  <folder>xy</folder>
  <filename>xy_075_147_8bbbc3fe-677e-11eb-99a3-1c1bb530dd88.jpg</filename>
  <source>
    <database>Unknown</database>
    <annotation>Unknown</annotation>
    <image>Unknown</image>
  </source>
  <size>
    <width>224</width>
    <height>224</height>
    <depth></depth>
  </size>
  <segmented>0</segmented>
  <object>
    <name>blue-line</name>
    <occluded>0</occluded>
    <bndbox>
      <xmin>81.01</xmin>
      <ymin>172.14</ymin>
      <xmax>106.68</xmax>
      <ymax>204.03</ymax>
    </bndbox>
  </object>
  <object>
    <name>blue-line</name>
    <occluded>0</occluded>
    <bndbox>
      <xmin>63.9</xmin>
      <ymin>135.59</ymin>
      <xmax>82.05</xmax>
      <ymax>152.96</ymax>
    </bndbox>
  </object>
  <object>
    <name>blue-line</name>
    <occluded>0</occluded>
    <bndbox>
      <xmin>40.83</xmin>
      <ymin>116.14</ymin>
      <xmax>57.16</xmax>
      <ymax>124.18</ymax>
    </bndbox>
  </object>
</annotation>
