<annotation>
  <folder>xy</folder>
  <filename>xy_095_145_73c2d63c-6780-11eb-99a3-1c1bb530dd88.jpg</filename>
  <source>
    <database>Unknown</database>
    <annotation>Unknown</annotation>
    <image>Unknown</image>
  </source>
  <size>
    <width>224</width>
    <height>224</height>
    <depth></depth>
  </size>
  <segmented>0</segmented>
  <object>
    <name>blue-line</name>
    <occluded>0</occluded>
    <bndbox>
      <xmin>88.27</xmin>
      <ymin>137.14</ymin>
      <xmax>103.57</xmax>
      <ymax>158.14</ymax>
    </bndbox>
  </object>
  <object>
    <name>blue-line</name>
    <occluded>0</occluded>
    <bndbox>
      <xmin>84.38</xmin>
      <ymin>107.59</ymin>
      <xmax>93.98</xmax>
      <ymax>115.89</ymax>
    </bndbox>
  </object>
  <object>
    <name>blue-line</name>
    <occluded>0</occluded>
    <bndbox>
      <xmin>75.05</xmin>
      <ymin>96.44</ymin>
      <xmax>86.98</xmax>
      <ymax>102.66</ymax>
    </bndbox>
  </object>
</annotation>
