<annotation>
  <folder>xy</folder>
  <filename>xy_097_138_9c4cc10e-677f-11eb-99a3-1c1bb530dd88.jpg</filename>
  <source>
    <database>Unknown</database>
    <annotation>Unknown</annotation>
    <image>Unknown</image>
  </source>
  <size>
    <width>224</width>
    <height>224</height>
    <depth></depth>
  </size>
  <segmented>0</segmented>
  <object>
    <name>blue-line</name>
    <occluded>0</occluded>
    <bndbox>
      <xmin>135.2</xmin>
      <ymin>158.92</ymin>
      <xmax>166.05</xmax>
      <ymax>181.74</ymax>
    </bndbox>
  </object>
  <object>
    <name>blue-line</name>
    <occluded>0</occluded>
    <bndbox>
      <xmin>84.38</xmin>
      <ymin>132.22</ymin>
      <xmax>111.87</xmax>
      <ymax>147.52</ymax>
    </bndbox>
  </object>
  <object>
    <name>blue-line</name>
    <occluded>0</occluded>
    <bndbox>
      <xmin>43.16</xmin>
      <ymin>122.37</ymin>
      <xmax>64.42</xmax>
      <ymax>129.63</ymax>
    </bndbox>
  </object>
</annotation>
