<annotation>
  <folder>xy</folder>
  <filename>xy_073_139_4616baaa-6780-11eb-99a3-1c1bb530dd88.jpg</filename>
  <source>
    <database>Unknown</database>
    <annotation>Unknown</annotation>
    <image>Unknown</image>
  </source>
  <size>
    <width>224</width>
    <height>224</height>
    <depth></depth>
  </size>
  <segmented>0</segmented>
  <object>
    <name>blue-line</name>
    <occluded>0</occluded>
    <bndbox>
      <xmin>82.57</xmin>
      <ymin>164.88</ymin>
      <xmax>105.9</xmax>
      <ymax>193.14</ymax>
    </bndbox>
  </object>
  <object>
    <name>blue-line</name>
    <occluded>0</occluded>
    <bndbox>
      <xmin>64.94</xmin>
      <ymin>132.48</ymin>
      <xmax>83.61</xmax>
      <ymax>148.29</ymax>
    </bndbox>
  </object>
  <object>
    <name>blue-line</name>
    <occluded>0</occluded>
    <bndbox>
      <xmin>43.68</xmin>
      <ymin>114.85</ymin>
      <xmax>58.2</xmax>
      <ymax>122.11</ymax>
    </bndbox>
  </object>
</annotation>
