<annotation>
  <folder>xy</folder>
  <filename>xy_095_125_e356b4f6-677f-11eb-99a3-1c1bb530dd88.jpg</filename>
  <source>
    <database>Unknown</database>
    <annotation>Unknown</annotation>
    <image>Unknown</image>
  </source>
  <size>
    <width>224</width>
    <height>224</height>
    <depth></depth>
  </size>
  <segmented>0</segmented>
  <object>
    <name>blue-line</name>
    <occluded>0</occluded>
    <bndbox>
      <xmin>117.57</xmin>
      <ymin>143.88</ymin>
      <xmax>147.13</xmax>
      <ymax>165.92</ymax>
    </bndbox>
  </object>
  <object>
    <name>blue-line</name>
    <occluded>0</occluded>
    <bndbox>
      <xmin>79.98</xmin>
      <ymin>119.0</ymin>
      <xmax>104.61</xmax>
      <ymax>128.33</ymax>
    </bndbox>
  </object>
  <object>
    <name>blue-line</name>
    <occluded>0</occluded>
    <bndbox>
      <xmin>48.35</xmin>
      <ymin>113.81</ymin>
      <xmax>68.05</xmax>
      <ymax>120.03</ymax>
    </bndbox>
  </object>
</annotation>
