<annotation>
  <folder>xy</folder>
  <filename>xy_055_135_c45b4d3e-677d-11eb-99a3-1c1bb530dd88.jpg</filename>
  <source>
    <database>Unknown</database>
    <annotation>Unknown</annotation>
    <image>Unknown</image>
  </source>
  <size>
    <width>224</width>
    <height>224</height>
    <depth></depth>
  </size>
  <segmented>0</segmented>
  <object>
    <name>blue-line</name>
    <occluded>0</occluded>
    <bndbox>
      <xmin>63.9</xmin>
      <ymin>164.88</ymin>
      <xmax>87.24</xmax>
      <ymax>194.44</ymax>
    </bndbox>
  </object>
  <object>
    <name>blue-line</name>
    <occluded>0</occluded>
    <bndbox>
      <xmin>47.31</xmin>
      <ymin>131.7</ymin>
      <xmax>62.87</xmax>
      <ymax>146.22</ymax>
    </bndbox>
  </object>
  <object>
    <name>blue-line</name>
    <occluded>0</occluded>
    <bndbox>
      <xmin>26.83</xmin>
      <ymin>118.48</ymin>
      <xmax>40.57</xmax>
      <ymax>126.0</ymax>
    </bndbox>
  </object>
</annotation>
