<annotation>
  <folder>xy</folder>
  <filename>xy_091_143_5960dd52-6780-11eb-99a3-1c1bb530dd88.jpg</filename>
  <source>
    <database>Unknown</database>
    <annotation>Unknown</annotation>
    <image>Unknown</image>
  </source>
  <size>
    <width>224</width>
    <height>224</height>
    <depth></depth>
  </size>
  <segmented>0</segmented>
  <object>
    <name>blue-line</name>
    <occluded>0</occluded>
    <bndbox>
      <xmin>82.57</xmin>
      <ymin>140.51</ymin>
      <xmax>100.46</xmax>
      <ymax>159.44</ymax>
    </bndbox>
  </object>
  <object>
    <name>blue-line</name>
    <occluded>0</occluded>
    <bndbox>
      <xmin>95.27</xmin>
      <ymin>114.33</ymin>
      <xmax>105.9</xmax>
      <ymax>123.4</ymax>
    </bndbox>
  </object>
  <object>
    <name>blue-line</name>
    <occluded>0</occluded>
    <bndbox>
      <xmin>99.94</xmin>
      <ymin>103.7</ymin>
      <xmax>109.53</xmax>
      <ymax>110.7</ymax>
    </bndbox>
  </object>
</annotation>
