<annotation>
  <folder>xy</folder>
  <filename>xy_091_157_979d1848-677f-11eb-99a3-1c1bb530dd88.jpg</filename>
  <source>
    <database>Unknown</database>
    <annotation>Unknown</annotation>
    <image>Unknown</image>
  </source>
  <size>
    <width>224</width>
    <height>224</height>
    <depth></depth>
  </size>
  <segmented>0</segmented>
  <object>
    <name>blue-line</name>
    <occluded>0</occluded>
    <bndbox>
      <xmin>78.68</xmin>
      <ymin>148.29</ymin>
      <xmax>98.39</xmax>
      <ymax>169.55</ymax>
    </bndbox>
  </object>
  <object>
    <name>blue-line</name>
    <occluded>0</occluded>
    <bndbox>
      <xmin>99.42</xmin>
      <ymin>117.44</ymin>
      <xmax>110.57</xmax>
      <ymax>128.85</ymax>
    </bndbox>
  </object>
  <object>
    <name>blue-line</name>
    <occluded>0</occluded>
    <bndbox>
      <xmin>99.68</xmin>
      <ymin>99.03</ymin>
      <xmax>110.57</xmax>
      <ymax>106.55</ymax>
    </bndbox>
  </object>
</annotation>
