<annotation>
  <folder>xy</folder>
  <filename>xy_085_153_5ddcc47c-6780-11eb-99a3-1c1bb530dd88.jpg</filename>
  <source>
    <database>Unknown</database>
    <annotation>Unknown</annotation>
    <image>Unknown</image>
  </source>
  <size>
    <width>224</width>
    <height>224</height>
    <depth></depth>
  </size>
  <segmented>0</segmented>
  <object>
    <name>blue-line</name>
    <occluded>0</occluded>
    <bndbox>
      <xmin>117.57</xmin>
      <ymin>170.33</ymin>
      <xmax>155.42</xmax>
      <ymax>198.59</ymax>
    </bndbox>
  </object>
  <object>
    <name>blue-line</name>
    <occluded>0</occluded>
    <bndbox>
      <xmin>67.79</xmin>
      <ymin>142.85</ymin>
      <xmax>92.68</xmax>
      <ymax>158.4</ymax>
    </bndbox>
  </object>
  <object>
    <name>blue-line</name>
    <occluded>0</occluded>
    <bndbox>
      <xmin>47.57</xmin>
      <ymin>131.18</ymin>
      <xmax>66.5</xmax>
      <ymax>142.07</ymax>
    </bndbox>
  </object>
</annotation>
