<annotation>
  <folder>xy</folder>
  <filename>xy_085_157_6c20dc9e-6780-11eb-99a3-1c1bb530dd88.jpg</filename>
  <source>
    <database>Unknown</database>
    <annotation>Unknown</annotation>
    <image>Unknown</image>
  </source>
  <size>
    <width>224</width>
    <height>224</height>
    <depth></depth>
  </size>
  <segmented>0</segmented>
  <object>
    <name>blue-line</name>
    <occluded>0</occluded>
    <bndbox>
      <xmin>113.94</xmin>
      <ymin>175.77</ymin>
      <xmax>151.53</xmax>
      <ymax>208.7</ymax>
    </bndbox>
  </object>
  <object>
    <name>blue-line</name>
    <occluded>0</occluded>
    <bndbox>
      <xmin>73.5</xmin>
      <ymin>153.22</ymin>
      <xmax>104.35</xmax>
      <ymax>176.03</ymax>
    </bndbox>
  </object>
  <object>
    <name>blue-line</name>
    <occluded>0</occluded>
    <bndbox>
      <xmin>35.38</xmin>
      <ymin>130.14</ymin>
      <xmax>52.76</xmax>
      <ymax>141.81</ymax>
    </bndbox>
  </object>
</annotation>
