<annotation>
  <folder>xy</folder>
  <filename>xy_050_153_f817c70e-677f-11eb-99a3-1c1bb530dd88.jpg</filename>
  <source>
    <database>Unknown</database>
    <annotation>Unknown</annotation>
    <image>Unknown</image>
  </source>
  <size>
    <width>224</width>
    <height>224</height>
    <depth></depth>
  </size>
  <segmented>0</segmented>
  <object>
    <name>blue-line</name>
    <occluded>0</occluded>
    <bndbox>
      <xmin>39.48</xmin>
      <ymin>143.55</ymin>
      <xmax>56.12</xmax>
      <ymax>160.19</ymax>
    </bndbox>
  </object>
  <object>
    <name>blue-line</name>
    <occluded>0</occluded>
    <bndbox>
      <xmin>55.25</xmin>
      <ymin>182.01</ymin>
      <xmax>86.8</xmax>
      <ymax>223.92</ymax>
    </bndbox>
  </object>
  <object>
    <name>blue-line</name>
    <occluded>0</occluded>
    <bndbox>
      <xmin>25.01</xmin>
      <ymin>131.24</ymin>
      <xmax>37.32</xmax>
      <ymax>140.53</ymax>
    </bndbox>
  </object>
</annotation>
