<annotation>
  <folder>xy</folder>
  <filename>xy_085_139_a8a0ee5c-6780-11eb-99a3-1c1bb530dd88.jpg</filename>
  <source>
    <database>Unknown</database>
    <annotation>Unknown</annotation>
    <image>Unknown</image>
  </source>
  <size>
    <width>224</width>
    <height>224</height>
    <depth></depth>
  </size>
  <segmented>0</segmented>
  <object>
    <name>blue-line</name>
    <occluded>0</occluded>
    <bndbox>
      <xmin>81.53</xmin>
      <ymin>157.88</ymin>
      <xmax>101.24</xmax>
      <ymax>185.11</ymax>
    </bndbox>
  </object>
  <object>
    <name>blue-line</name>
    <occluded>0</occluded>
    <bndbox>
      <xmin>77.38</xmin>
      <ymin>129.11</ymin>
      <xmax>89.83</xmax>
      <ymax>143.11</ymax>
    </bndbox>
  </object>
  <object>
    <name>blue-line</name>
    <occluded>0</occluded>
    <bndbox>
      <xmin>73.76</xmin>
      <ymin>110.7</ymin>
      <xmax>84.13</xmax>
      <ymax>119.77</ymax>
    </bndbox>
  </object>
</annotation>
