<annotation>
  <folder>xy</folder>
  <filename>xy_095_153_5433f1ac-6780-11eb-99a3-1c1bb530dd88.jpg</filename>
  <source>
    <database>Unknown</database>
    <annotation>Unknown</annotation>
    <image>Unknown</image>
  </source>
  <size>
    <width>224</width>
    <height>224</height>
    <depth></depth>
  </size>
  <segmented>0</segmented>
  <object>
    <name>blue-line</name>
    <occluded>0</occluded>
    <bndbox>
      <xmin>85.16</xmin>
      <ymin>141.55</ymin>
      <xmax>107.98</xmax>
      <ymax>162.03</ymax>
    </bndbox>
  </object>
  <object>
    <name>blue-line</name>
    <occluded>0</occluded>
    <bndbox>
      <xmin>69.61</xmin>
      <ymin>119.26</ymin>
      <xmax>82.83</xmax>
      <ymax>129.37</ymax>
    </bndbox>
  </object>
  <object>
    <name>blue-line</name>
    <occluded>0</occluded>
    <bndbox>
      <xmin>62.61</xmin>
      <ymin>109.92</ymin>
      <xmax>72.72</xmax>
      <ymax>116.92</ymax>
    </bndbox>
  </object>
</annotation>
