<annotation>
  <folder>xy</folder>
  <filename>xy_099_143_cf3166c6-677d-11eb-99a3-1c1bb530dd88.jpg</filename>
  <source>
    <database>Unknown</database>
    <annotation>Unknown</annotation>
    <image>Unknown</image>
  </source>
  <size>
    <width>224</width>
    <height>224</height>
    <depth></depth>
  </size>
  <segmented>0</segmented>
  <object>
    <name>blue-line</name>
    <occluded>0</occluded>
    <bndbox>
      <xmin>37.2</xmin>
      <ymin>126.26</ymin>
      <xmax>58.2</xmax>
      <ymax>132.48</ymax>
    </bndbox>
  </object>
  <object>
    <name>blue-line</name>
    <occluded>0</occluded>
    <bndbox>
      <xmin>135.98</xmin>
      <ymin>162.03</ymin>
      <xmax>168.9</xmax>
      <ymax>186.7</ymax>
    </bndbox>
  </object>
  <object>
    <name>blue-line</name>
    <occluded>0</occluded>
    <bndbox>
      <xmin>82.57</xmin>
      <ymin>135.85</ymin>
      <xmax>110.57</xmax>
      <ymax>151.66</ymax>
    </bndbox>
  </object>
</annotation>
