<annotation>
  <folder>xy</folder>
  <filename>xy_074_137_dedca68a-677d-11eb-99a3-1c1bb530dd88.jpg</filename>
  <source>
    <database>Unknown</database>
    <annotation>Unknown</annotation>
    <image>Unknown</image>
  </source>
  <size>
    <width>224</width>
    <height>224</height>
    <depth></depth>
  </size>
  <segmented>0</segmented>
  <object>
    <name>blue-line</name>
    <occluded>0</occluded>
    <bndbox>
      <xmin>122.24</xmin>
      <ymin>165.92</ymin>
      <xmax>159.31</xmax>
      <ymax>197.03</ymax>
    </bndbox>
  </object>
  <object>
    <name>blue-line</name>
    <occluded>0</occluded>
    <bndbox>
      <xmin>67.53</xmin>
      <ymin>133.0</ymin>
      <xmax>88.27</xmax>
      <ymax>146.22</ymax>
    </bndbox>
  </object>
  <object>
    <name>blue-line</name>
    <occluded>0</occluded>
    <bndbox>
      <xmin>32.79</xmin>
      <ymin>120.81</ymin>
      <xmax>47.83</xmax>
      <ymax>128.85</ymax>
    </bndbox>
  </object>
</annotation>
