<annotation>
  <folder>xy</folder>
  <filename>xy_091_130_89716110-6780-11eb-99a3-1c1bb530dd88.jpg</filename>
  <source>
    <database>Unknown</database>
    <annotation>Unknown</annotation>
    <image>Unknown</image>
  </source>
  <size>
    <width>224</width>
    <height>224</height>
    <depth></depth>
  </size>
  <segmented>0</segmented>
  <object>
    <name>blue-line</name>
    <occluded>0</occluded>
    <bndbox>
      <xmin>124.83</xmin>
      <ymin>167.48</ymin>
      <xmax>160.61</xmax>
      <ymax>196.77</ymax>
    </bndbox>
  </object>
  <object>
    <name>blue-line</name>
    <occluded>0</occluded>
    <bndbox>
      <xmin>78.94</xmin>
      <ymin>125.48</ymin>
      <xmax>99.42</xmax>
      <ymax>137.66</ymax>
    </bndbox>
  </object>
  <object>
    <name>blue-line</name>
    <occluded>0</occluded>
    <bndbox>
      <xmin>48.09</xmin>
      <ymin>115.37</ymin>
      <xmax>64.68</xmax>
      <ymax>122.88</ymax>
    </bndbox>
  </object>
</annotation>
