<annotation>
  <folder>xy</folder>
  <filename>xy_103_136_4944ea78-677e-11eb-99a3-1c1bb530dd88.jpg</filename>
  <source>
    <database>Unknown</database>
    <annotation>Unknown</annotation>
    <image>Unknown</image>
  </source>
  <size>
    <width>224</width>
    <height>224</height>
    <depth></depth>
  </size>
  <segmented>0</segmented>
  <object>
    <name>blue-line</name>
    <occluded>0</occluded>
    <bndbox>
      <xmin>91.97</xmin>
      <ymin>127.67</ymin>
      <xmax>114.09</xmax>
      <ymax>145.3</ymax>
    </bndbox>
  </object>
  <object>
    <name>blue-line</name>
    <occluded>0</occluded>
    <bndbox>
      <xmin>119.97</xmin>
      <ymin>104.86</ymin>
      <xmax>131.03</xmax>
      <ymax>112.81</ymax>
    </bndbox>
  </object>
  <object>
    <name>blue-line</name>
    <occluded>0</occluded>
    <bndbox>
      <xmin>47.72</xmin>
      <ymin>171.58</ymin>
      <xmax>79.18</xmax>
      <ymax>203.38</ymax>
    </bndbox>
  </object>
</annotation>
