<annotation>
  <folder>xy</folder>
  <filename>xy_115_157_73cd9c44-677f-11eb-99a3-1c1bb530dd88.jpg</filename>
  <source>
    <database>Unknown</database>
    <annotation>Unknown</annotation>
    <image>Unknown</image>
  </source>
  <size>
    <width>224</width>
    <height>224</height>
    <depth></depth>
  </size>
  <segmented>0</segmented>
  <object>
    <name>blue-line</name>
    <occluded>0</occluded>
    <bndbox>
      <xmin>106.83</xmin>
      <ymin>190.24</ymin>
      <xmax>125.84</xmax>
      <ymax>223.43</ymax>
    </bndbox>
  </object>
  <object>
    <name>blue-line</name>
    <occluded>0</occluded>
    <bndbox>
      <xmin>108.9</xmin>
      <ymin>143.92</ymin>
      <xmax>124.8</xmax>
      <ymax>167.08</ymax>
    </bndbox>
  </object>
  <object>
    <name>blue-line</name>
    <occluded>0</occluded>
    <bndbox>
      <xmin>109.94</xmin>
      <ymin>120.76</ymin>
      <xmax>121.69</xmax>
      <ymax>133.55</ymax>
    </bndbox>
  </object>
</annotation>
