<annotation>
  <folder>xy</folder>
  <filename>xy_127_167_79657d3a-677e-11eb-99a3-1c1bb530dd88.jpg</filename>
  <source>
    <database>Unknown</database>
    <annotation>Unknown</annotation>
    <image>Unknown</image>
  </source>
  <size>
    <width>224</width>
    <height>224</height>
    <depth></depth>
  </size>
  <segmented>0</segmented>
  <object>
    <name>blue-line</name>
    <occluded>0</occluded>
    <bndbox>
      <xmin>115.47</xmin>
      <ymin>194.49</ymin>
      <xmax>139.67</xmax>
      <ymax>223.19</ymax>
    </bndbox>
  </object>
  <object>
    <name>blue-line</name>
    <occluded>0</occluded>
    <bndbox>
      <xmin>116.16</xmin>
      <ymin>151.28</ymin>
      <xmax>132.76</xmax>
      <ymax>174.44</ymax>
    </bndbox>
  </object>
  <object>
    <name>blue-line</name>
    <occluded>0</occluded>
    <bndbox>
      <xmin>108.56</xmin>
      <ymin>126.05</ymin>
      <xmax>124.46</xmax>
      <ymax>139.53</ymax>
    </bndbox>
  </object>
</annotation>
