<annotation>
  <folder>xy</folder>
  <filename>xy_145_151_8caf1adc-677d-11eb-99a3-1c1bb530dd88.jpg</filename>
  <source>
    <database>Unknown</database>
    <annotation>Unknown</annotation>
    <image>Unknown</image>
  </source>
  <size>
    <width>224</width>
    <height>224</height>
    <depth></depth>
  </size>
  <segmented>0</segmented>
  <object>
    <name>blue-line</name>
    <occluded>0</occluded>
    <bndbox>
      <xmin>156.26</xmin>
      <ymin>174.79</ymin>
      <xmax>184.95</xmax>
      <ymax>205.56</ymax>
    </bndbox>
  </object>
  <object>
    <name>blue-line</name>
    <occluded>0</occluded>
    <bndbox>
      <xmin>133.45</xmin>
      <ymin>139.88</ymin>
      <xmax>154.88</xmax>
      <ymax>158.54</ymax>
    </bndbox>
  </object>
  <object>
    <name>blue-line</name>
    <occluded>0</occluded>
    <bndbox>
      <xmin>121.69</xmin>
      <ymin>118.1</ymin>
      <xmax>137.25</xmax>
      <ymax>131.93</ymax>
    </bndbox>
  </object>
</annotation>
