<annotation>
  <folder>xy</folder>
  <filename>xy_123_129_e3d4392c-677e-11eb-99a3-1c1bb530dd88.jpg</filename>
  <source>
    <database>Unknown</database>
    <annotation>Unknown</annotation>
    <image>Unknown</image>
  </source>
  <size>
    <width>224</width>
    <height>224</height>
    <depth></depth>
  </size>
  <segmented>0</segmented>
  <object>
    <name>blue-line</name>
    <occluded>0</occluded>
    <bndbox>
      <xmin>106.14</xmin>
      <ymin>159.13</ymin>
      <xmax>129.99</xmax>
      <ymax>189.2</ymax>
    </bndbox>
  </object>
  <object>
    <name>blue-line</name>
    <occluded>0</occluded>
    <bndbox>
      <xmin>119.62</xmin>
      <ymin>120.76</ymin>
      <xmax>131.72</xmax>
      <ymax>134.59</ymax>
    </bndbox>
  </object>
  <object>
    <name>blue-line</name>
    <occluded>0</occluded>
    <bndbox>
      <xmin>113.05</xmin>
      <ymin>100.02</ymin>
      <xmax>123.08</xmax>
      <ymax>108.66</ymax>
    </bndbox>
  </object>
</annotation>
