<annotation>
  <folder>xy</folder>
  <filename>xy_121_153_0b66eea4-677e-11eb-99a3-1c1bb530dd88.jpg</filename>
  <source>
    <database>Unknown</database>
    <annotation>Unknown</annotation>
    <image>Unknown</image>
  </source>
  <size>
    <width>224</width>
    <height>224</height>
    <depth></depth>
  </size>
  <segmented>0</segmented>
  <object>
    <name>blue-line</name>
    <occluded>0</occluded>
    <bndbox>
      <xmin>111.32</xmin>
      <ymin>141.85</ymin>
      <xmax>129.99</xmax>
      <ymax>163.28</ymax>
    </bndbox>
  </object>
  <object>
    <name>blue-line</name>
    <occluded>0</occluded>
    <bndbox>
      <xmin>101.99</xmin>
      <ymin>112.81</ymin>
      <xmax>114.78</xmax>
      <ymax>123.87</ymax>
    </bndbox>
  </object>
  <object>
    <name>blue-line</name>
    <occluded>0</occluded>
    <bndbox>
      <xmin>90.58</xmin>
      <ymin>98.29</ymin>
      <xmax>104.06</xmax>
      <ymax>105.9</ymax>
    </bndbox>
  </object>
</annotation>
