<annotation>
  <folder>xy</folder>
  <filename>xy_139_170_73dd0162-677e-11eb-99a3-1c1bb530dd88.jpg</filename>
  <source>
    <database>Unknown</database>
    <annotation>Unknown</annotation>
    <image>Unknown</image>
  </source>
  <size>
    <width>224</width>
    <height>224</height>
    <depth></depth>
  </size>
  <segmented>0</segmented>
  <object>
    <name>blue-line</name>
    <occluded>0</occluded>
    <bndbox>
      <xmin>126.53</xmin>
      <ymin>160.27</ymin>
      <xmax>154.53</xmax>
      <ymax>184.12</ymax>
    </bndbox>
  </object>
  <object>
    <name>blue-line</name>
    <occluded>0</occluded>
    <bndbox>
      <xmin>96.11</xmin>
      <ymin>125.01</ymin>
      <xmax>114.09</xmax>
      <ymax>138.15</ymax>
    </bndbox>
  </object>
  <object>
    <name>blue-line</name>
    <occluded>0</occluded>
    <bndbox>
      <xmin>84.01</xmin>
      <ymin>111.88</ymin>
      <xmax>99.92</xmax>
      <ymax>121.55</ymax>
    </bndbox>
  </object>
</annotation>
