<annotation>
  <folder>xy</folder>
  <filename>xy_123_142_2b8a29ce-6780-11eb-99a3-1c1bb530dd88.jpg</filename>
  <source>
    <database>Unknown</database>
    <annotation>Unknown</annotation>
    <image>Unknown</image>
  </source>
  <size>
    <width>224</width>
    <height>224</height>
    <depth></depth>
  </size>
  <segmented>0</segmented>
  <object>
    <name>blue-line</name>
    <occluded>0</occluded>
    <bndbox>
      <xmin>116.16</xmin>
      <ymin>197.5</ymin>
      <xmax>137.6</xmax>
      <ymax>223.43</ymax>
    </bndbox>
  </object>
  <object>
    <name>blue-line</name>
    <occluded>0</occluded>
    <bndbox>
      <xmin>117.89</xmin>
      <ymin>133.21</ymin>
      <xmax>130.68</xmax>
      <ymax>147.03</ymax>
    </bndbox>
  </object>
  <object>
    <name>blue-line</name>
    <occluded>0</occluded>
    <bndbox>
      <xmin>118.58</xmin>
      <ymin>108.66</ymin>
      <xmax>127.22</xmax>
      <ymax>117.99</ymax>
    </bndbox>
  </object>
</annotation>
