<annotation>
  <folder>xy</folder>
  <filename>xy_124_133_3d0b651e-6780-11eb-99a3-1c1bb530dd88.jpg</filename>
  <source>
    <database>Unknown</database>
    <annotation>Unknown</annotation>
    <image>Unknown</image>
  </source>
  <size>
    <width>224</width>
    <height>224</height>
    <depth></depth>
  </size>
  <segmented>0</segmented>
  <object>
    <name>blue-line</name>
    <occluded>0</occluded>
    <bndbox>
      <xmin>52.56</xmin>
      <ymin>183.33</ymin>
      <xmax>90.24</xmax>
      <ymax>222.04</ymax>
    </bndbox>
  </object>
  <object>
    <name>blue-line</name>
    <occluded>0</occluded>
    <bndbox>
      <xmin>95.42</xmin>
      <ymin>150.83</ymin>
      <xmax>121.0</xmax>
      <ymax>175.03</ymax>
    </bndbox>
  </object>
  <object>
    <name>blue-line</name>
    <occluded>0</occluded>
    <bndbox>
      <xmin>119.62</xmin>
      <ymin>127.33</ymin>
      <xmax>133.45</xmax>
      <ymax>140.46</ymax>
    </bndbox>
  </object>
</annotation>
