<annotation>
  <folder>xy</folder>
  <filename>xy_109_128_b1a97c62-6780-11eb-99a3-1c1bb530dd88.jpg</filename>
  <source>
    <database>Unknown</database>
    <annotation>Unknown</annotation>
    <image>Unknown</image>
  </source>
  <size>
    <width>224</width>
    <height>224</height>
    <depth></depth>
  </size>
  <segmented>0</segmented>
  <object>
    <name>blue-line</name>
    <occluded>0</occluded>
    <bndbox>
      <xmin>156.95</xmin>
      <ymin>175.72</ymin>
      <xmax>193.94</xmax>
      <ymax>209.6</ymax>
    </bndbox>
  </object>
  <object>
    <name>blue-line</name>
    <occluded>0</occluded>
    <bndbox>
      <xmin>121.69</xmin>
      <ymin>141.16</ymin>
      <xmax>145.55</xmax>
      <ymax>159.82</ymax>
    </bndbox>
  </object>
  <object>
    <name>blue-line</name>
    <occluded>0</occluded>
    <bndbox>
      <xmin>97.5</xmin>
      <ymin>119.03</ymin>
      <xmax>113.74</xmax>
      <ymax>129.75</ymax>
    </bndbox>
  </object>
</annotation>
