<annotation>
  <folder>xy</folder>
  <filename>xy_123_144_9faf3a54-677d-11eb-99a3-1c1bb530dd88.jpg</filename>
  <source>
    <database>Unknown</database>
    <annotation>Unknown</annotation>
    <image>Unknown</image>
  </source>
  <size>
    <width>224</width>
    <height>224</height>
    <depth></depth>
  </size>
  <segmented>0</segmented>
  <object>
    <name>blue-line</name>
    <occluded>0</occluded>
    <bndbox>
      <xmin>114.43</xmin>
      <ymin>175.72</ymin>
      <xmax>132.76</xmax>
      <ymax>210.64</ymax>
    </bndbox>
  </object>
  <object>
    <name>blue-line</name>
    <occluded>0</occluded>
    <bndbox>
      <xmin>114.43</xmin>
      <ymin>136.32</ymin>
      <xmax>127.92</xmax>
      <ymax>155.67</ymax>
    </bndbox>
  </object>
  <object>
    <name>blue-line</name>
    <occluded>0</occluded>
    <bndbox>
      <xmin>114.78</xmin>
      <ymin>114.54</ymin>
      <xmax>124.8</xmax>
      <ymax>125.6</ymax>
    </bndbox>
  </object>
</annotation>
