<annotation>
  <folder>xy</folder>
  <filename>xy_104_141_2374de82-6780-11eb-99a3-1c1bb530dd88.jpg</filename>
  <source>
    <database>Unknown</database>
    <annotation>Unknown</annotation>
    <image>Unknown</image>
  </source>
  <size>
    <width>224</width>
    <height>224</height>
    <depth></depth>
  </size>
  <segmented>0</segmented>
  <object>
    <name>blue-line</name>
    <occluded>0</occluded>
    <bndbox>
      <xmin>29.4</xmin>
      <ymin>181.25</ymin>
      <xmax>69.5</xmax>
      <ymax>222.39</ymax>
    </bndbox>
  </object>
  <object>
    <name>blue-line</name>
    <occluded>0</occluded>
    <bndbox>
      <xmin>97.15</xmin>
      <ymin>130.09</ymin>
      <xmax>118.24</xmax>
      <ymax>146.34</ymax>
    </bndbox>
  </object>
  <object>
    <name>blue-line</name>
    <occluded>0</occluded>
    <bndbox>
      <xmin>121.0</xmin>
      <ymin>111.08</ymin>
      <xmax>135.52</xmax>
      <ymax>121.45</ymax>
    </bndbox>
  </object>
</annotation>
