<annotation>
  <folder>xy</folder>
  <filename>xy_103_157_0790077e-677f-11eb-99a3-1c1bb530dd88.jpg</filename>
  <source>
    <database>Unknown</database>
    <annotation>Unknown</annotation>
    <image>Unknown</image>
  </source>
  <size>
    <width>224</width>
    <height>224</height>
    <depth></depth>
  </size>
  <segmented>0</segmented>
  <object>
    <name>blue-line</name>
    <occluded>0</occluded>
    <bndbox>
      <xmin>95.77</xmin>
      <ymin>143.23</ymin>
      <xmax>117.89</xmax>
      <ymax>165.7</ymax>
    </bndbox>
  </object>
  <object>
    <name>blue-line</name>
    <occluded>0</occluded>
    <bndbox>
      <xmin>73.64</xmin>
      <ymin>114.88</ymin>
      <xmax>88.51</xmax>
      <ymax>123.87</ymax>
    </bndbox>
  </object>
  <object>
    <name>blue-line</name>
    <occluded>0</occluded>
    <bndbox>
      <xmin>54.29</xmin>
      <ymin>104.17</ymin>
      <xmax>66.04</xmax>
      <ymax>109.35</ymax>
    </bndbox>
  </object>
</annotation>
