<annotation>
  <folder>xy</folder>
  <filename>xy_120_144_7de38432-677f-11eb-99a3-1c1bb530dd88.jpg</filename>
  <source>
    <database>Unknown</database>
    <annotation>Unknown</annotation>
    <image>Unknown</image>
  </source>
  <size>
    <width>224</width>
    <height>224</height>
    <depth></depth>
  </size>
  <segmented>0</segmented>
  <object>
    <name>blue-line</name>
    <occluded>0</occluded>
    <bndbox>
      <xmin>131.37</xmin>
      <ymin>160.51</ymin>
      <xmax>163.87</xmax>
      <ymax>189.55</ymax>
    </bndbox>
  </object>
  <object>
    <name>blue-line</name>
    <occluded>0</occluded>
    <bndbox>
      <xmin>106.83</xmin>
      <ymin>133.9</ymin>
      <xmax>127.92</xmax>
      <ymax>148.76</ymax>
    </bndbox>
  </object>
  <object>
    <name>blue-line</name>
    <occluded>0</occluded>
    <bndbox>
      <xmin>89.2</xmin>
      <ymin>116.27</ymin>
      <xmax>104.41</xmax>
      <ymax>127.33</ymax>
    </bndbox>
  </object>
</annotation>
