<annotation>
  <folder>xy</folder>
  <filename>xy_122_127_08e59746-6780-11eb-99a3-1c1bb530dd88.jpg</filename>
  <source>
    <database>Unknown</database>
    <annotation>Unknown</annotation>
    <image>Unknown</image>
  </source>
  <size>
    <width>224</width>
    <height>224</height>
    <depth></depth>
  </size>
  <segmented>0</segmented>
  <object>
    <name>blue-line</name>
    <occluded>0</occluded>
    <bndbox>
      <xmin>44.61</xmin>
      <ymin>191.62</ymin>
      <xmax>79.87</xmax>
      <ymax>222.74</ymax>
    </bndbox>
  </object>
  <object>
    <name>blue-line</name>
    <occluded>0</occluded>
    <bndbox>
      <xmin>90.93</xmin>
      <ymin>144.96</ymin>
      <xmax>114.43</xmax>
      <ymax>166.74</ymax>
    </bndbox>
  </object>
  <object>
    <name>blue-line</name>
    <occluded>0</occluded>
    <bndbox>
      <xmin>115.47</xmin>
      <ymin>120.07</ymin>
      <xmax>130.68</xmax>
      <ymax>131.48</ymax>
    </bndbox>
  </object>
</annotation>
