<annotation>
  <folder>xy</folder>
  <filename>xy_118_144_b4c20b7e-677d-11eb-99a3-1c1bb530dd88.jpg</filename>
  <source>
    <database>Unknown</database>
    <annotation>Unknown</annotation>
    <image>Unknown</image>
  </source>
  <size>
    <width>224</width>
    <height>224</height>
    <depth></depth>
  </size>
  <segmented>0</segmented>
  <object>
    <name>blue-line</name>
    <occluded>0</occluded>
    <bndbox>
      <xmin>112.36</xmin>
      <ymin>131.82</ymin>
      <xmax>128.95</xmax>
      <ymax>148.07</ymax>
    </bndbox>
  </object>
  <object>
    <name>blue-line</name>
    <occluded>0</occluded>
    <bndbox>
      <xmin>96.8</xmin>
      <ymin>110.74</ymin>
      <xmax>111.32</xmax>
      <ymax>121.8</ymax>
    </bndbox>
  </object>
  <object>
    <name>blue-line</name>
    <occluded>0</occluded>
    <bndbox>
      <xmin>79.17</xmin>
      <ymin>99.67</ymin>
      <xmax>91.96</xmax>
      <ymax>105.2</ymax>
    </bndbox>
  </object>
</annotation>
