<annotation>
  <folder>xy</folder>
  <filename>xy_109_163_7fb2a1c0-6780-11eb-99a3-1c1bb530dd88.jpg</filename>
  <source>
    <database>Unknown</database>
    <annotation>Unknown</annotation>
    <image>Unknown</image>
  </source>
  <size>
    <width>224</width>
    <height>224</height>
    <depth></depth>
  </size>
  <segmented>0</segmented>
  <object>
    <name>blue-line</name>
    <occluded>0</occluded>
    <bndbox>
      <xmin>101.16</xmin>
      <ymin>151.53</ymin>
      <xmax>123.28</xmax>
      <ymax>174.34</ymax>
    </bndbox>
  </object>
  <object>
    <name>blue-line</name>
    <occluded>0</occluded>
    <bndbox>
      <xmin>96.46</xmin>
      <ymin>112.81</ymin>
      <xmax>108.9</xmax>
      <ymax>123.18</ymax>
    </bndbox>
  </object>
  <object>
    <name>blue-line</name>
    <occluded>0</occluded>
    <bndbox>
      <xmin>79.52</xmin>
      <ymin>99.67</ymin>
      <xmax>92.66</xmax>
      <ymax>107.28</ymax>
    </bndbox>
  </object>
</annotation>
