<annotation>
  <folder>xy</folder>
  <filename>xy_124_137_a126050e-6780-11eb-99a3-1c1bb530dd88.jpg</filename>
  <source>
    <database>Unknown</database>
    <annotation>Unknown</annotation>
    <image>Unknown</image>
  </source>
  <size>
    <width>224</width>
    <height>224</height>
    <depth></depth>
  </size>
  <segmented>0</segmented>
  <object>
    <name>blue-line</name>
    <occluded>0</occluded>
    <bndbox>
      <xmin>69.84</xmin>
      <ymin>175.38</ymin>
      <xmax>106.14</xmax>
      <ymax>212.37</ymax>
    </bndbox>
  </object>
  <object>
    <name>blue-line</name>
    <occluded>0</occluded>
    <bndbox>
      <xmin>121.0</xmin>
      <ymin>129.75</ymin>
      <xmax>136.21</xmax>
      <ymax>143.92</ymax>
    </bndbox>
  </object>
  <object>
    <name>blue-line</name>
    <occluded>0</occluded>
    <bndbox>
      <xmin>126.19</xmin>
      <ymin>102.44</ymin>
      <xmax>134.83</xmax>
      <ymax>111.08</ymax>
    </bndbox>
  </object>
</annotation>
