<annotation>
  <folder>xy</folder>
  <filename>xy_137_149_3481df9a-6780-11eb-99a3-1c1bb530dd88.jpg</filename>
  <source>
    <database>Unknown</database>
    <annotation>Unknown</annotation>
    <image>Unknown</image>
  </source>
  <size>
    <width>224</width>
    <height>224</height>
    <depth></depth>
  </size>
  <segmented>0</segmented>
  <object>
    <name>blue-line</name>
    <occluded>0</occluded>
    <bndbox>
      <xmin>125.15</xmin>
      <ymin>141.6</ymin>
      <xmax>146.93</xmax>
      <ymax>159.58</ymax>
    </bndbox>
  </object>
  <object>
    <name>blue-line</name>
    <occluded>0</occluded>
    <bndbox>
      <xmin>103.37</xmin>
      <ymin>114.99</ymin>
      <xmax>118.58</xmax>
      <ymax>125.01</ymax>
    </bndbox>
  </object>
  <object>
    <name>blue-line</name>
    <occluded>0</occluded>
    <bndbox>
      <xmin>94.73</xmin>
      <ymin>104.27</ymin>
      <xmax>105.79</xmax>
      <ymax>110.49</ymax>
    </bndbox>
  </object>
</annotation>
