<annotation>
  <folder>xy</folder>
  <filename>xy_116_134_8511a838-677f-11eb-99a3-1c1bb530dd88.jpg</filename>
  <source>
    <database>Unknown</database>
    <annotation>Unknown</annotation>
    <image>Unknown</image>
  </source>
  <size>
    <width>224</width>
    <height>224</height>
    <depth></depth>
  </size>
  <segmented>0</segmented>
  <object>
    <name>blue-line</name>
    <occluded>0</occluded>
    <bndbox>
      <xmin>109.25</xmin>
      <ymin>159.13</ymin>
      <xmax>129.3</xmax>
      <ymax>191.62</ymax>
    </bndbox>
  </object>
  <object>
    <name>blue-line</name>
    <occluded>0</occluded>
    <bndbox>
      <xmin>110.29</xmin>
      <ymin>127.33</ymin>
      <xmax>122.38</xmax>
      <ymax>143.23</ymax>
    </bndbox>
  </object>
  <object>
    <name>blue-line</name>
    <occluded>0</occluded>
    <bndbox>
      <xmin>105.79</xmin>
      <ymin>100.37</ymin>
      <xmax>116.51</xmax>
      <ymax>109.35</ymax>
    </bndbox>
  </object>
</annotation>
