<annotation>
  <folder>xy</folder>
  <filename>xy_121_137_65dfb644-677f-11eb-99a3-1c1bb530dd88.jpg</filename>
  <source>
    <database>Unknown</database>
    <annotation>Unknown</annotation>
    <image>Unknown</image>
  </source>
  <size>
    <width>224</width>
    <height>224</height>
    <depth></depth>
  </size>
  <segmented>0</segmented>
  <object>
    <name>blue-line</name>
    <occluded>0</occluded>
    <bndbox>
      <xmin>112.71</xmin>
      <ymin>157.06</ymin>
      <xmax>131.37</xmax>
      <ymax>184.71</ymax>
    </bndbox>
  </object>
  <object>
    <name>blue-line</name>
    <occluded>0</occluded>
    <bndbox>
      <xmin>112.71</xmin>
      <ymin>128.37</ymin>
      <xmax>125.84</xmax>
      <ymax>141.85</ymax>
    </bndbox>
  </object>
  <object>
    <name>blue-line</name>
    <occluded>0</occluded>
    <bndbox>
      <xmin>112.71</xmin>
      <ymin>111.43</ymin>
      <xmax>122.39</xmax>
      <ymax>121.11</ymax>
    </bndbox>
  </object>
</annotation>
