<annotation>
  <folder>xy</folder>
  <filename>xy_106_161_12c27a14-677f-11eb-99a3-1c1bb530dd88.jpg</filename>
  <source>
    <database>Unknown</database>
    <annotation>Unknown</annotation>
    <image>Unknown</image>
  </source>
  <size>
    <width>224</width>
    <height>224</height>
    <depth></depth>
  </size>
  <segmented>0</segmented>
  <object>
    <name>blue-line</name>
    <occluded>0</occluded>
    <bndbox>
      <xmin>155.57</xmin>
      <ymin>187.48</ymin>
      <xmax>194.63</xmax>
      <ymax>223.43</ymax>
    </bndbox>
  </object>
  <object>
    <name>blue-line</name>
    <occluded>0</occluded>
    <bndbox>
      <xmin>86.43</xmin>
      <ymin>148.07</ymin>
      <xmax>118.24</xmax>
      <ymax>167.43</ymax>
    </bndbox>
  </object>
  <object>
    <name>blue-line</name>
    <occluded>0</occluded>
    <bndbox>
      <xmin>39.42</xmin>
      <ymin>131.82</ymin>
      <xmax>59.47</xmax>
      <ymax>141.85</ymax>
    </bndbox>
  </object>
</annotation>
