<annotation>
  <folder>xy</folder>
  <filename>xy_139_128_78800e24-6780-11eb-99a3-1c1bb530dd88.jpg</filename>
  <source>
    <database>Unknown</database>
    <annotation>Unknown</annotation>
    <image>Unknown</image>
  </source>
  <size>
    <width>224</width>
    <height>224</height>
    <depth></depth>
  </size>
  <segmented>0</segmented>
  <object>
    <name>blue-line</name>
    <occluded>0</occluded>
    <bndbox>
      <xmin>87.13</xmin>
      <ymin>161.31</ymin>
      <xmax>121.0</xmax>
      <ymax>196.57</ymax>
    </bndbox>
  </object>
  <object>
    <name>blue-line</name>
    <occluded>0</occluded>
    <bndbox>
      <xmin>132.76</xmin>
      <ymin>120.17</ymin>
      <xmax>146.58</xmax>
      <ymax>132.62</ymax>
    </bndbox>
  </object>
  <object>
    <name>blue-line</name>
    <occluded>0</occluded>
    <bndbox>
      <xmin>139.67</xmin>
      <ymin>102.54</ymin>
      <xmax>149.35</xmax>
      <ymax>111.88</ymax>
    </bndbox>
  </object>
</annotation>
