<annotation>
  <folder>xy</folder>
  <filename>xy_136_133_abdfeab2-677d-11eb-99a3-1c1bb530dd88.jpg</filename>
  <source>
    <database>Unknown</database>
    <annotation>Unknown</annotation>
    <image>Unknown</image>
  </source>
  <size>
    <width>224</width>
    <height>224</height>
    <depth></depth>
  </size>
  <segmented>0</segmented>
  <object>
    <name>blue-line</name>
    <occluded>0</occluded>
    <bndbox>
      <xmin>144.16</xmin>
      <ymin>152.32</ymin>
      <xmax>173.2</xmax>
      <ymax>179.63</ymax>
    </bndbox>
  </object>
  <object>
    <name>blue-line</name>
    <occluded>0</occluded>
    <bndbox>
      <xmin>123.08</xmin>
      <ymin>123.98</ymin>
      <xmax>142.44</xmax>
      <ymax>140.91</ymax>
    </bndbox>
  </object>
  <object>
    <name>blue-line</name>
    <occluded>0</occluded>
    <bndbox>
      <xmin>101.99</xmin>
      <ymin>100.47</ymin>
      <xmax>113.4</xmax>
      <ymax>107.04</ymax>
    </bndbox>
  </object>
</annotation>
