<annotation>
  <folder>xy</folder>
  <filename>xy_136_133_ac46f7ca-677d-11eb-99a3-1c1bb530dd88.jpg</filename>
  <source>
    <database>Unknown</database>
    <annotation>Unknown</annotation>
    <image>Unknown</image>
  </source>
  <size>
    <width>224</width>
    <height>224</height>
    <depth></depth>
  </size>
  <segmented>0</segmented>
  <object>
    <name>blue-line</name>
    <occluded>0</occluded>
    <bndbox>
      <xmin>145.2</xmin>
      <ymin>152.32</ymin>
      <xmax>172.85</xmax>
      <ymax>179.63</ymax>
    </bndbox>
  </object>
  <object>
    <name>blue-line</name>
    <occluded>0</occluded>
    <bndbox>
      <xmin>124.11</xmin>
      <ymin>125.01</ymin>
      <xmax>143.82</xmax>
      <ymax>140.22</ymax>
    </bndbox>
  </object>
  <object>
    <name>blue-line</name>
    <occluded>0</occluded>
    <bndbox>
      <xmin>103.03</xmin>
      <ymin>100.82</ymin>
      <xmax>113.74</xmax>
      <ymax>109.11</ymax>
    </bndbox>
  </object>
</annotation>
