<annotation>
  <folder>xy</folder>
  <filename>xy_119_137_c0bb67da-677e-11eb-99a3-1c1bb530dd88.jpg</filename>
  <source>
    <database>Unknown</database>
    <annotation>Unknown</annotation>
    <image>Unknown</image>
  </source>
  <size>
    <width>224</width>
    <height>224</height>
    <depth></depth>
  </size>
  <segmented>0</segmented>
  <object>
    <name>blue-line</name>
    <occluded>0</occluded>
    <bndbox>
      <xmin>82.98</xmin>
      <ymin>177.45</ymin>
      <xmax>111.67</xmax>
      <ymax>214.09</ymax>
    </bndbox>
  </object>
  <object>
    <name>blue-line</name>
    <occluded>0</occluded>
    <bndbox>
      <xmin>112.01</xmin>
      <ymin>129.75</ymin>
      <xmax>125.15</xmax>
      <ymax>145.3</ymax>
    </bndbox>
  </object>
  <object>
    <name>blue-line</name>
    <occluded>0</occluded>
    <bndbox>
      <xmin>123.08</xmin>
      <ymin>103.82</ymin>
      <xmax>132.76</xmax>
      <ymax>111.43</ymax>
    </bndbox>
  </object>
</annotation>
