<annotation>
  <folder>xy</folder>
  <filename>xy_106_129_1b1c4cca-6780-11eb-99a3-1c1bb530dd88.jpg</filename>
  <source>
    <database>Unknown</database>
    <annotation>Unknown</annotation>
    <image>Unknown</image>
  </source>
  <size>
    <width>224</width>
    <height>224</height>
    <depth></depth>
  </size>
  <segmented>0</segmented>
  <object>
    <name>blue-line</name>
    <occluded>0</occluded>
    <bndbox>
      <xmin>120.31</xmin>
      <ymin>149.45</ymin>
      <xmax>144.51</xmax>
      <ymax>170.54</ymax>
    </bndbox>
  </object>
  <object>
    <name>blue-line</name>
    <occluded>0</occluded>
    <bndbox>
      <xmin>95.77</xmin>
      <ymin>118.34</ymin>
      <xmax>112.71</xmax>
      <ymax>131.13</ymax>
    </bndbox>
  </object>
  <object>
    <name>blue-line</name>
    <occluded>0</occluded>
    <bndbox>
      <xmin>81.94</xmin>
      <ymin>101.06</ymin>
      <xmax>93.0</xmax>
      <ymax>108.32</ymax>
    </bndbox>
  </object>
</annotation>
