<annotation>
  <folder>xy</folder>
  <filename>xy_113_149_2eb8c54e-677e-11eb-99a3-1c1bb530dd88.jpg</filename>
  <source>
    <database>Unknown</database>
    <annotation>Unknown</annotation>
    <image>Unknown</image>
  </source>
  <size>
    <width>224</width>
    <height>224</height>
    <depth></depth>
  </size>
  <segmented>0</segmented>
  <object>
    <name>blue-line</name>
    <occluded>0</occluded>
    <bndbox>
      <xmin>78.83</xmin>
      <ymin>179.18</ymin>
      <xmax>112.01</xmax>
      <ymax>217.21</ymax>
    </bndbox>
  </object>
  <object>
    <name>blue-line</name>
    <occluded>0</occluded>
    <bndbox>
      <xmin>106.48</xmin>
      <ymin>141.16</ymin>
      <xmax>123.42</xmax>
      <ymax>156.71</ymax>
    </bndbox>
  </object>
  <object>
    <name>blue-line</name>
    <occluded>0</occluded>
    <bndbox>
      <xmin>116.16</xmin>
      <ymin>115.92</ymin>
      <xmax>127.22</xmax>
      <ymax>126.98</ymax>
    </bndbox>
  </object>
</annotation>
