<annotation>
  <folder>xy</folder>
  <filename>xy_116_149_b74495c8-677e-11eb-99a3-1c1bb530dd88.jpg</filename>
  <source>
    <database>Unknown</database>
    <annotation>Unknown</annotation>
    <image>Unknown</image>
  </source>
  <size>
    <width>224</width>
    <height>224</height>
    <depth></depth>
  </size>
  <segmented>0</segmented>
  <object>
    <name>blue-line</name>
    <occluded>0</occluded>
    <bndbox>
      <xmin>164.9</xmin>
      <ymin>193.01</ymin>
      <xmax>205.0</xmax>
      <ymax>223.43</ymax>
    </bndbox>
  </object>
  <object>
    <name>blue-line</name>
    <occluded>0</occluded>
    <bndbox>
      <xmin>98.88</xmin>
      <ymin>139.77</ymin>
      <xmax>124.46</xmax>
      <ymax>160.51</ymax>
    </bndbox>
  </object>
  <object>
    <name>blue-line</name>
    <occluded>0</occluded>
    <bndbox>
      <xmin>65.69</xmin>
      <ymin>114.88</ymin>
      <xmax>80.9</xmax>
      <ymax>123.87</ymax>
    </bndbox>
  </object>
</annotation>
