<annotation>
  <folder>xy</folder>
  <filename>xy_124_147_0d0b6d14-6780-11eb-99a3-1c1bb530dd88.jpg</filename>
  <source>
    <database>Unknown</database>
    <annotation>Unknown</annotation>
    <image>Unknown</image>
  </source>
  <size>
    <width>224</width>
    <height>224</height>
    <depth></depth>
  </size>
  <segmented>0</segmented>
  <object>
    <name>blue-line</name>
    <occluded>0</occluded>
    <bndbox>
      <xmin>161.79</xmin>
      <ymin>182.64</ymin>
      <xmax>197.74</xmax>
      <ymax>217.9</ymax>
    </bndbox>
  </object>
  <object>
    <name>blue-line</name>
    <occluded>0</occluded>
    <bndbox>
      <xmin>118.24</xmin>
      <ymin>142.88</ymin>
      <xmax>143.47</xmax>
      <ymax>163.28</ymax>
    </bndbox>
  </object>
  <object>
    <name>blue-line</name>
    <occluded>0</occluded>
    <bndbox>
      <xmin>92.66</xmin>
      <ymin>118.0</ymin>
      <xmax>107.18</xmax>
      <ymax>128.71</ymax>
    </bndbox>
  </object>
</annotation>
