<annotation>
  <folder>xy</folder>
  <filename>xy_109_158_3715c9ee-677e-11eb-99a3-1c1bb530dd88.jpg</filename>
  <source>
    <database>Unknown</database>
    <annotation>Unknown</annotation>
    <image>Unknown</image>
  </source>
  <size>
    <width>224</width>
    <height>224</height>
    <depth></depth>
  </size>
  <segmented>0</segmented>
  <object>
    <name>blue-line</name>
    <occluded>0</occluded>
    <bndbox>
      <xmin>97.5</xmin>
      <ymin>150.49</ymin>
      <xmax>114.78</xmax>
      <ymax>174.0</ymax>
    </bndbox>
  </object>
  <object>
    <name>blue-line</name>
    <occluded>0</occluded>
    <bndbox>
      <xmin>95.42</xmin>
      <ymin>119.03</ymin>
      <xmax>106.48</xmax>
      <ymax>130.44</ymax>
    </bndbox>
  </object>
  <object>
    <name>blue-line</name>
    <occluded>0</occluded>
    <bndbox>
      <xmin>94.73</xmin>
      <ymin>101.06</ymin>
      <xmax>104.06</xmax>
      <ymax>108.32</ymax>
    </bndbox>
  </object>
</annotation>
