<annotation>
  <folder>xy</folder>
  <filename>xy_103_140_b58ee638-677f-11eb-99a3-1c1bb530dd88.jpg</filename>
  <source>
    <database>Unknown</database>
    <annotation>Unknown</annotation>
    <image>Unknown</image>
  </source>
  <size>
    <width>224</width>
    <height>224</height>
    <depth></depth>
  </size>
  <segmented>0</segmented>
  <object>
    <name>blue-line</name>
    <occluded>0</occluded>
    <bndbox>
      <xmin>31.47</xmin>
      <ymin>187.82</ymin>
      <xmax>68.46</xmax>
      <ymax>223.43</ymax>
    </bndbox>
  </object>
  <object>
    <name>blue-line</name>
    <occluded>0</occluded>
    <bndbox>
      <xmin>94.73</xmin>
      <ymin>132.17</ymin>
      <xmax>114.44</xmax>
      <ymax>148.07</ymax>
    </bndbox>
  </object>
  <object>
    <name>blue-line</name>
    <occluded>0</occluded>
    <bndbox>
      <xmin>116.16</xmin>
      <ymin>106.24</ymin>
      <xmax>129.99</xmax>
      <ymax>116.96</ymax>
    </bndbox>
  </object>
</annotation>
