<annotation>
  <folder>xy</folder>
  <filename>xy_121_133_44e88b88-677e-11eb-99a3-1c1bb530dd88.jpg</filename>
  <source>
    <database>Unknown</database>
    <annotation>Unknown</annotation>
    <image>Unknown</image>
  </source>
  <size>
    <width>224</width>
    <height>224</height>
    <depth></depth>
  </size>
  <segmented>0</segmented>
  <object>
    <name>blue-line</name>
    <occluded>0</occluded>
    <bndbox>
      <xmin>114.78</xmin>
      <ymin>164.32</ymin>
      <xmax>133.45</xmax>
      <ymax>192.32</ymax>
    </bndbox>
  </object>
  <object>
    <name>blue-line</name>
    <occluded>0</occluded>
    <bndbox>
      <xmin>116.85</xmin>
      <ymin>122.14</ymin>
      <xmax>128.61</xmax>
      <ymax>137.35</ymax>
    </bndbox>
  </object>
  <object>
    <name>blue-line</name>
    <occluded>0</occluded>
    <bndbox>
      <xmin>117.89</xmin>
      <ymin>100.37</ymin>
      <xmax>126.53</xmax>
      <ymax>109.35</ymax>
    </bndbox>
  </object>
</annotation>
