<annotation>
  <folder>xy</folder>
  <filename>xy_105_141_a4d77dfc-677d-11eb-99a3-1c1bb530dd88.jpg</filename>
  <source>
    <database>Unknown</database>
    <annotation>Unknown</annotation>
    <image>Unknown</image>
  </source>
  <size>
    <width>224</width>
    <height>224</height>
    <depth></depth>
  </size>
  <segmented>0</segmented>
  <object>
    <name>blue-line</name>
    <occluded>0</occluded>
    <bndbox>
      <xmin>60.51</xmin>
      <ymin>166.04</ymin>
      <xmax>91.27</xmax>
      <ymax>198.54</ymax>
    </bndbox>
  </object>
  <object>
    <name>blue-line</name>
    <occluded>0</occluded>
    <bndbox>
      <xmin>91.97</xmin>
      <ymin>133.21</ymin>
      <xmax>112.02</xmax>
      <ymax>152.22</ymax>
    </bndbox>
  </object>
  <object>
    <name>blue-line</name>
    <occluded>0</occluded>
    <bndbox>
      <xmin>110.63</xmin>
      <ymin>113.5</ymin>
      <xmax>125.5</xmax>
      <ymax>124.91</ymax>
    </bndbox>
  </object>
</annotation>
