<annotation>
  <folder>xy</folder>
  <filename>xy_103_151_da0b3e96-677d-11eb-99a3-1c1bb530dd88.jpg</filename>
  <source>
    <database>Unknown</database>
    <annotation>Unknown</annotation>
    <image>Unknown</image>
  </source>
  <size>
    <width>224</width>
    <height>224</height>
    <depth></depth>
  </size>
  <segmented>0</segmented>
  <object>
    <name>blue-line</name>
    <occluded>0</occluded>
    <bndbox>
      <xmin>91.27</xmin>
      <ymin>139.77</ymin>
      <xmax>108.9</xmax>
      <ymax>160.86</ymax>
    </bndbox>
  </object>
  <object>
    <name>blue-line</name>
    <occluded>0</occluded>
    <bndbox>
      <xmin>98.88</xmin>
      <ymin>110.04</ymin>
      <xmax>109.25</xmax>
      <ymax>117.65</ymax>
    </bndbox>
  </object>
  <object>
    <name>blue-line</name>
    <occluded>0</occluded>
    <bndbox>
      <xmin>91.97</xmin>
      <ymin>94.14</ymin>
      <xmax>102.68</xmax>
      <ymax>100.37</ymax>
    </bndbox>
  </object>
</annotation>
