<annotation>
  <folder>xy</folder>
  <filename>xy_103_147_efff9ec6-677e-11eb-99a3-1c1bb530dd88.jpg</filename>
  <source>
    <database>Unknown</database>
    <annotation>Unknown</annotation>
    <image>Unknown</image>
  </source>
  <size>
    <width>224</width>
    <height>224</height>
    <depth></depth>
  </size>
  <segmented>0</segmented>
  <object>
    <name>blue-line</name>
    <occluded>0</occluded>
    <bndbox>
      <xmin>113.4</xmin>
      <ymin>194.74</ymin>
      <xmax>139.32</xmax>
      <ymax>223.08</ymax>
    </bndbox>
  </object>
  <object>
    <name>blue-line</name>
    <occluded>0</occluded>
    <bndbox>
      <xmin>89.2</xmin>
      <ymin>135.62</ymin>
      <xmax>110.63</xmax>
      <ymax>154.98</ymax>
    </bndbox>
  </object>
  <object>
    <name>blue-line</name>
    <occluded>0</occluded>
    <bndbox>
      <xmin>66.39</xmin>
      <ymin>112.46</ymin>
      <xmax>81.94</xmax>
      <ymax>121.8</ymax>
    </bndbox>
  </object>
</annotation>
