<annotation>
  <folder>xy</folder>
  <filename>xy_115_150_4dd6bc92-677e-11eb-99a3-1c1bb530dd88.jpg</filename>
  <source>
    <database>Unknown</database>
    <annotation>Unknown</annotation>
    <image>Unknown</image>
  </source>
  <size>
    <width>224</width>
    <height>224</height>
    <depth></depth>
  </size>
  <segmented>0</segmented>
  <object>
    <name>blue-line</name>
    <occluded>0</occluded>
    <bndbox>
      <xmin>105.1</xmin>
      <ymin>143.92</ymin>
      <xmax>132.06</xmax>
      <ymax>171.23</ymax>
    </bndbox>
  </object>
  <object>
    <name>blue-line</name>
    <occluded>0</occluded>
    <bndbox>
      <xmin>86.43</xmin>
      <ymin>114.54</ymin>
      <xmax>97.15</xmax>
      <ymax>123.18</ymax>
    </bndbox>
  </object>
  <object>
    <name>blue-line</name>
    <occluded>0</occluded>
    <bndbox>
      <xmin>77.1</xmin>
      <ymin>102.44</ymin>
      <xmax>86.43</xmax>
      <ymax>108.66</ymax>
    </bndbox>
  </object>
</annotation>
