<annotation>
  <folder>xy</folder>
  <filename>xy_105_157_218bffac-677f-11eb-99a3-1c1bb530dd88.jpg</filename>
  <source>
    <database>Unknown</database>
    <annotation>Unknown</annotation>
    <image>Unknown</image>
  </source>
  <size>
    <width>224</width>
    <height>224</height>
    <depth></depth>
  </size>
  <segmented>0</segmented>
  <object>
    <name>blue-line</name>
    <occluded>0</occluded>
    <bndbox>
      <xmin>97.15</xmin>
      <ymin>142.19</ymin>
      <xmax>116.51</xmax>
      <ymax>163.28</ymax>
    </bndbox>
  </object>
  <object>
    <name>blue-line</name>
    <occluded>0</occluded>
    <bndbox>
      <xmin>112.36</xmin>
      <ymin>112.12</ymin>
      <xmax>122.73</xmax>
      <ymax>121.8</ymax>
    </bndbox>
  </object>
  <object>
    <name>blue-line</name>
    <occluded>0</occluded>
    <bndbox>
      <xmin>104.06</xmin>
      <ymin>94.14</ymin>
      <xmax>112.71</xmax>
      <ymax>100.37</ymax>
    </bndbox>
  </object>
</annotation>
