<annotation>
  <folder>xy</folder>
  <filename>xy_115_144_86ddfb50-677d-11eb-99a3-1c1bb530dd88.jpg</filename>
  <source>
    <database>Unknown</database>
    <annotation>Unknown</annotation>
    <image>Unknown</image>
  </source>
  <size>
    <width>224</width>
    <height>224</height>
    <depth></depth>
  </size>
  <segmented>0</segmented>
  <object>
    <name>blue-line</name>
    <occluded>0</occluded>
    <bndbox>
      <xmin>86.78</xmin>
      <ymin>160.51</ymin>
      <xmax>112.71</xmax>
      <ymax>186.79</ymax>
    </bndbox>
  </object>
  <object>
    <name>blue-line</name>
    <occluded>0</occluded>
    <bndbox>
      <xmin>109.94</xmin>
      <ymin>132.51</ymin>
      <xmax>127.57</xmax>
      <ymax>147.38</ymax>
    </bndbox>
  </object>
  <object>
    <name>blue-line</name>
    <occluded>0</occluded>
    <bndbox>
      <xmin>122.73</xmin>
      <ymin>115.58</ymin>
      <xmax>137.6</xmax>
      <ymax>125.95</ymax>
    </bndbox>
  </object>
</annotation>
