<annotation>
  <folder>xy</folder>
  <filename>xy_111_128_c9d8b588-677f-11eb-99a3-1c1bb530dd88.jpg</filename>
  <source>
    <database>Unknown</database>
    <annotation>Unknown</annotation>
    <image>Unknown</image>
  </source>
  <size>
    <width>224</width>
    <height>224</height>
    <depth></depth>
  </size>
  <segmented>0</segmented>
  <object>
    <name>blue-line</name>
    <occluded>0</occluded>
    <bndbox>
      <xmin>32.51</xmin>
      <ymin>167.43</ymin>
      <xmax>71.92</xmax>
      <ymax>203.38</ymax>
    </bndbox>
  </object>
  <object>
    <name>blue-line</name>
    <occluded>0</occluded>
    <bndbox>
      <xmin>98.88</xmin>
      <ymin>126.29</ymin>
      <xmax>119.62</xmax>
      <ymax>141.5</ymax>
    </bndbox>
  </object>
  <object>
    <name>blue-line</name>
    <occluded>0</occluded>
    <bndbox>
      <xmin>123.42</xmin>
      <ymin>104.86</ymin>
      <xmax>135.18</xmax>
      <ymax>113.85</ymax>
    </bndbox>
  </object>
</annotation>
