<annotation>
  <folder>xy</folder>
  <filename>xy_103_150_89546dea-677f-11eb-99a3-1c1bb530dd88.jpg</filename>
  <source>
    <database>Unknown</database>
    <annotation>Unknown</annotation>
    <image>Unknown</image>
  </source>
  <size>
    <width>224</width>
    <height>224</height>
    <depth></depth>
  </size>
  <segmented>0</segmented>
  <object>
    <name>blue-line</name>
    <occluded>0</occluded>
    <bndbox>
      <xmin>90.58</xmin>
      <ymin>138.74</ymin>
      <xmax>115.82</xmax>
      <ymax>162.24</ymax>
    </bndbox>
  </object>
  <object>
    <name>blue-line</name>
    <occluded>0</occluded>
    <bndbox>
      <xmin>48.06</xmin>
      <ymin>176.76</ymin>
      <xmax>86.43</xmax>
      <ymax>219.28</ymax>
    </bndbox>
  </object>
  <object>
    <name>blue-line</name>
    <occluded>0</occluded>
    <bndbox>
      <xmin>124.46</xmin>
      <ymin>107.28</ymin>
      <xmax>134.14</xmax>
      <ymax>116.27</ymax>
    </bndbox>
  </object>
</annotation>
