<annotation>
  <folder>xy</folder>
  <filename>xy_109_143_ba1e951a-677d-11eb-99a3-1c1bb530dd88.jpg</filename>
  <source>
    <database>Unknown</database>
    <annotation>Unknown</annotation>
    <image>Unknown</image>
  </source>
  <size>
    <width>224</width>
    <height>224</height>
    <depth></depth>
  </size>
  <segmented>0</segmented>
  <object>
    <name>blue-line</name>
    <occluded>0</occluded>
    <bndbox>
      <xmin>106.83</xmin>
      <ymin>112.12</ymin>
      <xmax>116.51</xmax>
      <ymax>121.8</ymax>
    </bndbox>
  </object>
  <object>
    <name>blue-line</name>
    <occluded>0</occluded>
    <bndbox>
      <xmin>98.19</xmin>
      <ymin>135.62</ymin>
      <xmax>115.13</xmax>
      <ymax>152.91</ymax>
    </bndbox>
  </object>
  <object>
    <name>blue-line</name>
    <occluded>0</occluded>
    <bndbox>
      <xmin>100.95</xmin>
      <ymin>97.6</ymin>
      <xmax>112.01</xmax>
      <ymax>104.51</ymax>
    </bndbox>
  </object>
</annotation>
