<annotation>
  <folder>xy</folder>
  <filename>xy_129_147_5e70dd4e-677e-11eb-99a3-1c1bb530dd88.jpg</filename>
  <source>
    <database>Unknown</database>
    <annotation>Unknown</annotation>
    <image>Unknown</image>
  </source>
  <size>
    <width>224</width>
    <height>224</height>
    <depth></depth>
  </size>
  <segmented>0</segmented>
  <object>
    <name>blue-line</name>
    <occluded>0</occluded>
    <bndbox>
      <xmin>121.69</xmin>
      <ymin>142.99</ymin>
      <xmax>136.21</xmax>
      <ymax>160.62</ymax>
    </bndbox>
  </object>
  <object>
    <name>blue-line</name>
    <occluded>0</occluded>
    <bndbox>
      <xmin>124.46</xmin>
      <ymin>113.95</ymin>
      <xmax>133.45</xmax>
      <ymax>124.32</ymax>
    </bndbox>
  </object>
  <object>
    <name>blue-line</name>
    <occluded>0</occluded>
    <bndbox>
      <xmin>123.77</xmin>
      <ymin>103.23</ymin>
      <xmax>132.41</xmax>
      <ymax>109.8</ymax>
    </bndbox>
  </object>
</annotation>
