<annotation>
  <folder>xy</folder>
  <filename>xy_121_147_9256f4c8-677d-11eb-99a3-1c1bb530dd88.jpg</filename>
  <source>
    <database>Unknown</database>
    <annotation>Unknown</annotation>
    <image>Unknown</image>
  </source>
  <size>
    <width>224</width>
    <height>224</height>
    <depth></depth>
  </size>
  <segmented>0</segmented>
  <object>
    <name>blue-line</name>
    <occluded>0</occluded>
    <bndbox>
      <xmin>113.4</xmin>
      <ymin>165.7</ymin>
      <xmax>132.41</xmax>
      <ymax>193.35</ymax>
    </bndbox>
  </object>
  <object>
    <name>blue-line</name>
    <occluded>0</occluded>
    <bndbox>
      <xmin>115.47</xmin>
      <ymin>133.55</ymin>
      <xmax>128.95</xmax>
      <ymax>149.45</ymax>
    </bndbox>
  </object>
  <object>
    <name>blue-line</name>
    <occluded>0</occluded>
    <bndbox>
      <xmin>117.2</xmin>
      <ymin>114.88</ymin>
      <xmax>127.22</xmax>
      <ymax>124.91</ymax>
    </bndbox>
  </object>
</annotation>
