<annotation>
  <folder>xy</folder>
  <filename>xy_103_156_6f2ccefe-677e-11eb-99a3-1c1bb530dd88.jpg</filename>
  <source>
    <database>Unknown</database>
    <annotation>Unknown</annotation>
    <image>Unknown</image>
  </source>
  <size>
    <width>224</width>
    <height>224</height>
    <depth></depth>
  </size>
  <segmented>0</segmented>
  <object>
    <name>blue-line</name>
    <occluded>0</occluded>
    <bndbox>
      <xmin>95.08</xmin>
      <ymin>147.72</ymin>
      <xmax>118.58</xmax>
      <ymax>168.46</ymax>
    </bndbox>
  </object>
  <object>
    <name>blue-line</name>
    <occluded>0</occluded>
    <bndbox>
      <xmin>124.8</xmin>
      <ymin>119.38</ymin>
      <xmax>139.67</xmax>
      <ymax>130.09</ymax>
    </bndbox>
  </object>
  <object>
    <name>blue-line</name>
    <occluded>0</occluded>
    <bndbox>
      <xmin>136.21</xmin>
      <ymin>108.32</ymin>
      <xmax>146.58</xmax>
      <ymax>114.88</ymax>
    </bndbox>
  </object>
</annotation>
