<annotation>
  <folder>xy</folder>
  <filename>xy_123_135_b2872974-677e-11eb-99a3-1c1bb530dd88.jpg</filename>
  <source>
    <database>Unknown</database>
    <annotation>Unknown</annotation>
    <image>Unknown</image>
  </source>
  <size>
    <width>224</width>
    <height>224</height>
    <depth></depth>
  </size>
  <segmented>0</segmented>
  <object>
    <name>blue-line</name>
    <occluded>0</occluded>
    <bndbox>
      <xmin>71.57</xmin>
      <ymin>174.69</ymin>
      <xmax>103.72</xmax>
      <ymax>211.67</ymax>
    </bndbox>
  </object>
  <object>
    <name>blue-line</name>
    <occluded>0</occluded>
    <bndbox>
      <xmin>114.09</xmin>
      <ymin>124.91</ymin>
      <xmax>130.68</xmax>
      <ymax>139.08</ymax>
    </bndbox>
  </object>
  <object>
    <name>blue-line</name>
    <occluded>0</occluded>
    <bndbox>
      <xmin>131.03</xmin>
      <ymin>101.75</ymin>
      <xmax>140.01</xmax>
      <ymax>109.01</ymax>
    </bndbox>
  </object>
</annotation>
