<annotation>
  <folder>xy</folder>
  <filename>xy_109_139_a21147a0-677e-11eb-99a3-1c1bb530dd88.jpg</filename>
  <source>
    <database>Unknown</database>
    <annotation>Unknown</annotation>
    <image>Unknown</image>
  </source>
  <size>
    <width>224</width>
    <height>224</height>
    <depth></depth>
  </size>
  <segmented>0</segmented>
  <object>
    <name>blue-line</name>
    <occluded>0</occluded>
    <bndbox>
      <xmin>98.88</xmin>
      <ymin>130.44</ymin>
      <xmax>116.16</xmax>
      <ymax>146.69</ymax>
    </bndbox>
  </object>
  <object>
    <name>blue-line</name>
    <occluded>0</occluded>
    <bndbox>
      <xmin>111.67</xmin>
      <ymin>102.79</ymin>
      <xmax>121.69</xmax>
      <ymax>111.43</ymax>
    </bndbox>
  </object>
  <object>
    <name>blue-line</name>
    <occluded>0</occluded>
    <bndbox>
      <xmin>109.25</xmin>
      <ymin>114.88</ymin>
      <xmax>122.38</xmax>
      <ymax>124.91</ymax>
    </bndbox>
  </object>
</annotation>
