<annotation>
  <folder>xy</folder>
  <filename>xy_125_170_739b8530-677d-11eb-99a3-1c1bb530dd88.jpg</filename>
  <source>
    <database>Unknown</database>
    <annotation>Unknown</annotation>
    <image>Unknown</image>
  </source>
  <size>
    <width>224</width>
    <height>224</height>
    <depth></depth>
  </size>
  <segmented>0</segmented>
  <object>
    <name>blue-line</name>
    <occluded>0</occluded>
    <bndbox>
      <xmin>117.2</xmin>
      <ymin>162.35</ymin>
      <xmax>134.48</xmax>
      <ymax>192.42</ymax>
    </bndbox>
  </object>
  <object>
    <name>blue-line</name>
    <occluded>0</occluded>
    <bndbox>
      <xmin>120.31</xmin>
      <ymin>125.7</ymin>
      <xmax>131.37</xmax>
      <ymax>139.88</ymax>
    </bndbox>
  </object>
  <object>
    <name>blue-line</name>
    <occluded>0</occluded>
    <bndbox>
      <xmin>121.0</xmin>
      <ymin>109.8</ymin>
      <xmax>128.95</xmax>
      <ymax>118.79</ymax>
    </bndbox>
  </object>
</annotation>
