<annotation>
  <folder>xy</folder>
  <filename>xy_104_139_8d7dde50-6780-11eb-99a3-1c1bb530dd88.jpg</filename>
  <source>
    <database>Unknown</database>
    <annotation>Unknown</annotation>
    <image>Unknown</image>
  </source>
  <size>
    <width>224</width>
    <height>224</height>
    <depth></depth>
  </size>
  <segmented>0</segmented>
  <object>
    <name>blue-line</name>
    <occluded>0</occluded>
    <bndbox>
      <xmin>118.93</xmin>
      <ymin>176.42</ymin>
      <xmax>145.89</xmax>
      <ymax>212.71</ymax>
    </bndbox>
  </object>
  <object>
    <name>blue-line</name>
    <occluded>0</occluded>
    <bndbox>
      <xmin>96.46</xmin>
      <ymin>128.02</ymin>
      <xmax>115.82</xmax>
      <ymax>144.61</ymax>
    </bndbox>
  </object>
  <object>
    <name>blue-line</name>
    <occluded>0</occluded>
    <bndbox>
      <xmin>74.34</xmin>
      <ymin>107.97</ymin>
      <xmax>88.51</xmax>
      <ymax>115.57</ymax>
    </bndbox>
  </object>
</annotation>
