<annotation>
  <folder>xy</folder>
  <filename>xy_101_132_cb46b0ec-677e-11eb-99a3-1c1bb530dd88.jpg</filename>
  <source>
    <database>Unknown</database>
    <annotation>Unknown</annotation>
    <image>Unknown</image>
  </source>
  <size>
    <width>224</width>
    <height>224</height>
    <depth></depth>
  </size>
  <segmented>0</segmented>
  <object>
    <name>blue-line</name>
    <occluded>0</occluded>
    <bndbox>
      <xmin>96.11</xmin>
      <ymin>183.67</ymin>
      <xmax>121.69</xmax>
      <ymax>223.08</ymax>
    </bndbox>
  </object>
  <object>
    <name>blue-line</name>
    <occluded>0</occluded>
    <bndbox>
      <xmin>76.76</xmin>
      <ymin>106.24</ymin>
      <xmax>90.24</xmax>
      <ymax>113.5</ymax>
    </bndbox>
  </object>
  <object>
    <name>blue-line</name>
    <occluded>0</occluded>
    <bndbox>
      <xmin>93.35</xmin>
      <ymin>123.87</ymin>
      <xmax>107.52</xmax>
      <ymax>135.63</ymax>
    </bndbox>
  </object>
</annotation>
