<annotation>
  <folder>xy</folder>
  <filename>xy_130_112_166f2ff8-6780-11eb-99a3-1c1bb530dd88.jpg</filename>
  <source>
    <database>Unknown</database>
    <annotation>Unknown</annotation>
    <image>Unknown</image>
  </source>
  <size>
    <width>224</width>
    <height>224</height>
    <depth></depth>
  </size>
  <segmented>0</segmented>
  <object>
    <name>blue-line</name>
    <occluded>0</occluded>
    <bndbox>
      <xmin>49.1</xmin>
      <ymin>178.94</ymin>
      <xmax>82.98</xmax>
      <ymax>216.96</ymax>
    </bndbox>
  </object>
  <object>
    <name>blue-line</name>
    <occluded>0</occluded>
    <bndbox>
      <xmin>99.22</xmin>
      <ymin>132.62</ymin>
      <xmax>117.2</xmax>
      <ymax>148.17</ymax>
    </bndbox>
  </object>
  <object>
    <name>blue-line</name>
    <occluded>0</occluded>
    <bndbox>
      <xmin>121.35</xmin>
      <ymin>109.11</ymin>
      <xmax>134.83</xmax>
      <ymax>119.14</ymax>
    </bndbox>
  </object>
</annotation>
