<annotation>
  <folder>xy</folder>
  <filename>xy_109_134_41ed8706-6780-11eb-99a3-1c1bb530dd88.jpg</filename>
  <source>
    <database>Unknown</database>
    <annotation>Unknown</annotation>
    <image>Unknown</image>
  </source>
  <size>
    <width>224</width>
    <height>224</height>
    <depth></depth>
  </size>
  <segmented>0</segmented>
  <object>
    <name>blue-line</name>
    <occluded>0</occluded>
    <bndbox>
      <xmin>152.11</xmin>
      <ymin>171.23</ymin>
      <xmax>186.68</xmax>
      <ymax>203.38</ymax>
    </bndbox>
  </object>
  <object>
    <name>blue-line</name>
    <occluded>0</occluded>
    <bndbox>
      <xmin>121.0</xmin>
      <ymin>141.85</ymin>
      <xmax>147.97</xmax>
      <ymax>162.59</ymax>
    </bndbox>
  </object>
  <object>
    <name>blue-line</name>
    <occluded>0</occluded>
    <bndbox>
      <xmin>95.42</xmin>
      <ymin>124.56</ymin>
      <xmax>116.51</xmax>
      <ymax>137.7</ymax>
    </bndbox>
  </object>
</annotation>
