<annotation>
  <folder>xy</folder>
  <filename>xy_122_135_279820ce-677f-11eb-99a3-1c1bb530dd88.jpg</filename>
  <source>
    <database>Unknown</database>
    <annotation>Unknown</annotation>
    <image>Unknown</image>
  </source>
  <size>
    <width>224</width>
    <height>224</height>
    <depth></depth>
  </size>
  <segmented>0</segmented>
  <object>
    <name>blue-line</name>
    <occluded>0</occluded>
    <bndbox>
      <xmin>163.87</xmin>
      <ymin>168.12</ymin>
      <xmax>197.74</xmax>
      <ymax>199.23</ymax>
    </bndbox>
  </object>
  <object>
    <name>blue-line</name>
    <occluded>0</occluded>
    <bndbox>
      <xmin>110.63</xmin>
      <ymin>129.75</ymin>
      <xmax>134.83</xmax>
      <ymax>144.27</ymax>
    </bndbox>
  </object>
  <object>
    <name>blue-line</name>
    <occluded>0</occluded>
    <bndbox>
      <xmin>62.93</xmin>
      <ymin>112.81</ymin>
      <xmax>79.87</xmax>
      <ymax>121.45</ymax>
    </bndbox>
  </object>
</annotation>
