<annotation>
  <folder>xy</folder>
  <filename>xy_114_127_d04c39ae-677e-11eb-99a3-1c1bb530dd88.jpg</filename>
  <source>
    <database>Unknown</database>
    <annotation>Unknown</annotation>
    <image>Unknown</image>
  </source>
  <size>
    <width>224</width>
    <height>224</height>
    <depth></depth>
  </size>
  <segmented>0</segmented>
  <object>
    <name>blue-line</name>
    <occluded>0</occluded>
    <bndbox>
      <xmin>60.16</xmin>
      <ymin>164.32</ymin>
      <xmax>89.2</xmax>
      <ymax>195.43</ymax>
    </bndbox>
  </object>
  <object>
    <name>blue-line</name>
    <occluded>0</occluded>
    <bndbox>
      <xmin>109.94</xmin>
      <ymin>119.72</ymin>
      <xmax>123.42</xmax>
      <ymax>131.13</ymax>
    </bndbox>
  </object>
  <object>
    <name>blue-line</name>
    <occluded>0</occluded>
    <bndbox>
      <xmin>112.71</xmin>
      <ymin>101.06</ymin>
      <xmax>123.77</xmax>
      <ymax>109.35</ymax>
    </bndbox>
  </object>
</annotation>
