<annotation>
  <folder>xy</folder>
  <filename>xy_143_164_83e3c4ec-677e-11eb-99a3-1c1bb530dd88.jpg</filename>
  <source>
    <database>Unknown</database>
    <annotation>Unknown</annotation>
    <image>Unknown</image>
  </source>
  <size>
    <width>224</width>
    <height>224</height>
    <depth></depth>
  </size>
  <segmented>0</segmented>
  <object>
    <name>blue-line</name>
    <occluded>0</occluded>
    <bndbox>
      <xmin>161.1</xmin>
      <ymin>183.78</ymin>
      <xmax>198.78</xmax>
      <ymax>221.46</ymax>
    </bndbox>
  </object>
  <object>
    <name>blue-line</name>
    <occluded>0</occluded>
    <bndbox>
      <xmin>122.73</xmin>
      <ymin>149.9</ymin>
      <xmax>152.11</xmax>
      <ymax>173.41</ymax>
    </bndbox>
  </object>
  <object>
    <name>blue-line</name>
    <occluded>0</occluded>
    <bndbox>
      <xmin>78.83</xmin>
      <ymin>127.78</ymin>
      <xmax>100.61</xmax>
      <ymax>137.8</ymax>
    </bndbox>
  </object>
</annotation>
