<annotation>
  <folder>xy</folder>
  <filename>xy_121_138_f865ba5a-677e-11eb-99a3-1c1bb530dd88.jpg</filename>
  <source>
    <database>Unknown</database>
    <annotation>Unknown</annotation>
    <image>Unknown</image>
  </source>
  <size>
    <width>224</width>
    <height>224</height>
    <depth></depth>
  </size>
  <segmented>0</segmented>
  <object>
    <name>blue-line</name>
    <occluded>0</occluded>
    <bndbox>
      <xmin>84.36</xmin>
      <ymin>186.79</ymin>
      <xmax>118.24</xmax>
      <ymax>223.43</ymax>
    </bndbox>
  </object>
  <object>
    <name>blue-line</name>
    <occluded>0</occluded>
    <bndbox>
      <xmin>113.74</xmin>
      <ymin>132.51</ymin>
      <xmax>127.92</xmax>
      <ymax>149.45</ymax>
    </bndbox>
  </object>
  <object>
    <name>blue-line</name>
    <occluded>0</occluded>
    <bndbox>
      <xmin>110.63</xmin>
      <ymin>105.55</ymin>
      <xmax>122.04</xmax>
      <ymax>116.27</ymax>
    </bndbox>
  </object>
</annotation>
