<annotation>
  <folder>xy</folder>
  <filename>xy_129_147_5a958ca6-677e-11eb-99a3-1c1bb530dd88.jpg</filename>
  <source>
    <database>Unknown</database>
    <annotation>Unknown</annotation>
    <image>Unknown</image>
  </source>
  <size>
    <width>224</width>
    <height>224</height>
    <depth></depth>
  </size>
  <segmented>0</segmented>
  <object>
    <name>blue-line</name>
    <occluded>0</occluded>
    <bndbox>
      <xmin>149.35</xmin>
      <ymin>181.7</ymin>
      <xmax>185.99</xmax>
      <ymax>219.38</ymax>
    </bndbox>
  </object>
  <object>
    <name>blue-line</name>
    <occluded>0</occluded>
    <bndbox>
      <xmin>116.16</xmin>
      <ymin>137.8</ymin>
      <xmax>137.94</xmax>
      <ymax>157.16</ymax>
    </bndbox>
  </object>
  <object>
    <name>blue-line</name>
    <occluded>0</occluded>
    <bndbox>
      <xmin>95.77</xmin>
      <ymin>111.18</ymin>
      <xmax>108.21</xmax>
      <ymax>120.17</ymax>
    </bndbox>
  </object>
</annotation>
