<annotation>
  <folder>xy</folder>
  <filename>xy_139_155_9b86f232-677d-11eb-99a3-1c1bb530dd88.jpg</filename>
  <source>
    <database>Unknown</database>
    <annotation>Unknown</annotation>
    <image>Unknown</image>
  </source>
  <size>
    <width>224</width>
    <height>224</height>
    <depth></depth>
  </size>
  <segmented>0</segmented>
  <object>
    <name>blue-line</name>
    <occluded>0</occluded>
    <bndbox>
      <xmin>150.04</xmin>
      <ymin>178.59</ymin>
      <xmax>182.53</xmax>
      <ymax>213.16</ymax>
    </bndbox>
  </object>
  <object>
    <name>blue-line</name>
    <occluded>0</occluded>
    <bndbox>
      <xmin>126.19</xmin>
      <ymin>141.95</ymin>
      <xmax>149.0</xmax>
      <ymax>163.04</ymax>
    </bndbox>
  </object>
  <object>
    <name>blue-line</name>
    <occluded>0</occluded>
    <bndbox>
      <xmin>112.71</xmin>
      <ymin>120.52</ymin>
      <xmax>126.88</xmax>
      <ymax>132.62</ymax>
    </bndbox>
  </object>
</annotation>
