<annotation>
  <folder>xy</folder>
  <filename>xy_124_159_539140c0-677f-11eb-99a3-1c1bb530dd88.jpg</filename>
  <source>
    <database>Unknown</database>
    <annotation>Unknown</annotation>
    <image>Unknown</image>
  </source>
  <size>
    <width>224</width>
    <height>224</height>
    <depth></depth>
  </size>
  <segmented>0</segmented>
  <object>
    <name>blue-line</name>
    <occluded>0</occluded>
    <bndbox>
      <xmin>112.36</xmin>
      <ymin>199.92</ymin>
      <xmax>133.45</xmax>
      <ymax>223.43</ymax>
    </bndbox>
  </object>
  <object>
    <name>blue-line</name>
    <occluded>0</occluded>
    <bndbox>
      <xmin>113.4</xmin>
      <ymin>141.85</ymin>
      <xmax>129.3</xmax>
      <ymax>163.62</ymax>
    </bndbox>
  </object>
  <object>
    <name>blue-line</name>
    <occluded>0</occluded>
    <bndbox>
      <xmin>115.47</xmin>
      <ymin>115.58</ymin>
      <xmax>125.84</xmax>
      <ymax>126.64</ymax>
    </bndbox>
  </object>
</annotation>
