<annotation>
  <folder>xy</folder>
  <filename>xy_123_131_1277e048-6780-11eb-99a3-1c1bb530dd88.jpg</filename>
  <source>
    <database>Unknown</database>
    <annotation>Unknown</annotation>
    <image>Unknown</image>
  </source>
  <size>
    <width>224</width>
    <height>224</height>
    <depth></depth>
  </size>
  <segmented>0</segmented>
  <object>
    <name>blue-line</name>
    <occluded>0</occluded>
    <bndbox>
      <xmin>112.36</xmin>
      <ymin>169.5</ymin>
      <xmax>131.03</xmax>
      <ymax>201.3</ymax>
    </bndbox>
  </object>
  <object>
    <name>blue-line</name>
    <occluded>0</occluded>
    <bndbox>
      <xmin>116.16</xmin>
      <ymin>125.6</ymin>
      <xmax>126.88</xmax>
      <ymax>137.7</ymax>
    </bndbox>
  </object>
  <object>
    <name>blue-line</name>
    <occluded>0</occluded>
    <bndbox>
      <xmin>117.55</xmin>
      <ymin>104.17</ymin>
      <xmax>125.5</xmax>
      <ymax>113.5</ymax>
    </bndbox>
  </object>
</annotation>
