<annotation>
  <folder>xy</folder>
  <filename>xy_121_155_82b3f6b0-677d-11eb-99a3-1c1bb530dd88.jpg</filename>
  <source>
    <database>Unknown</database>
    <annotation>Unknown</annotation>
    <image>Unknown</image>
  </source>
  <size>
    <width>224</width>
    <height>224</height>
    <depth></depth>
  </size>
  <segmented>0</segmented>
  <object>
    <name>blue-line</name>
    <occluded>0</occluded>
    <bndbox>
      <xmin>115.47</xmin>
      <ymin>181.95</ymin>
      <xmax>134.83</xmax>
      <ymax>223.08</ymax>
    </bndbox>
  </object>
  <object>
    <name>blue-line</name>
    <occluded>0</occluded>
    <bndbox>
      <xmin>115.47</xmin>
      <ymin>142.54</ymin>
      <xmax>129.3</xmax>
      <ymax>160.17</ymax>
    </bndbox>
  </object>
  <object>
    <name>blue-line</name>
    <occluded>0</occluded>
    <bndbox>
      <xmin>116.16</xmin>
      <ymin>120.07</ymin>
      <xmax>127.22</xmax>
      <ymax>131.82</ymax>
    </bndbox>
  </object>
</annotation>
