<annotation>
  <folder>xy</folder>
  <filename>xy_137_122_84607e18-6780-11eb-99a3-1c1bb530dd88.jpg</filename>
  <source>
    <database>Unknown</database>
    <annotation>Unknown</annotation>
    <image>Unknown</image>
  </source>
  <size>
    <width>224</width>
    <height>224</height>
    <depth></depth>
  </size>
  <segmented>0</segmented>
  <object>
    <name>blue-line</name>
    <occluded>0</occluded>
    <bndbox>
      <xmin>95.42</xmin>
      <ymin>151.63</ymin>
      <xmax>120.31</xmax>
      <ymax>179.98</ymax>
    </bndbox>
  </object>
  <object>
    <name>blue-line</name>
    <occluded>0</occluded>
    <bndbox>
      <xmin>129.99</xmin>
      <ymin>114.64</ymin>
      <xmax>140.36</xmax>
      <ymax>125.01</ymax>
    </bndbox>
  </object>
  <object>
    <name>blue-line</name>
    <occluded>0</occluded>
    <bndbox>
      <xmin>127.92</xmin>
      <ymin>98.4</ymin>
      <xmax>138.29</xmax>
      <ymax>105.31</ymax>
    </bndbox>
  </object>
</annotation>
