<annotation>
  <folder>xy</folder>
  <filename>xy_127_147_06ba9522-677e-11eb-99a3-1c1bb530dd88.jpg</filename>
  <source>
    <database>Unknown</database>
    <annotation>Unknown</annotation>
    <image>Unknown</image>
  </source>
  <size>
    <width>224</width>
    <height>224</height>
    <depth></depth>
  </size>
  <segmented>0</segmented>
  <object>
    <name>blue-line</name>
    <occluded>0</occluded>
    <bndbox>
      <xmin>115.82</xmin>
      <ymin>138.49</ymin>
      <xmax>140.36</xmax>
      <ymax>158.54</ymax>
    </bndbox>
  </object>
  <object>
    <name>blue-line</name>
    <occluded>0</occluded>
    <bndbox>
      <xmin>86.09</xmin>
      <ymin>113.26</ymin>
      <xmax>102.34</xmax>
      <ymax>122.94</ymax>
    </bndbox>
  </object>
  <object>
    <name>blue-line</name>
    <occluded>0</occluded>
    <bndbox>
      <xmin>67.08</xmin>
      <ymin>101.85</ymin>
      <xmax>79.87</xmax>
      <ymax>109.46</ymax>
    </bndbox>
  </object>
</annotation>
