<annotation>
  <folder>xy</folder>
  <filename>xy_107_132_3bc00cac-677e-11eb-99a3-1c1bb530dd88.jpg</filename>
  <source>
    <database>Unknown</database>
    <annotation>Unknown</annotation>
    <image>Unknown</image>
  </source>
  <size>
    <width>224</width>
    <height>224</height>
    <depth></depth>
  </size>
  <segmented>0</segmented>
  <object>
    <name>blue-line</name>
    <occluded>0</occluded>
    <bndbox>
      <xmin>63.62</xmin>
      <ymin>161.9</ymin>
      <xmax>91.27</xmax>
      <ymax>189.9</ymax>
    </bndbox>
  </object>
  <object>
    <name>blue-line</name>
    <occluded>0</occluded>
    <bndbox>
      <xmin>100.26</xmin>
      <ymin>124.56</ymin>
      <xmax>119.62</xmax>
      <ymax>139.08</ymax>
    </bndbox>
  </object>
  <object>
    <name>blue-line</name>
    <occluded>0</occluded>
    <bndbox>
      <xmin>122.04</xmin>
      <ymin>105.9</ymin>
      <xmax>133.45</xmax>
      <ymax>113.5</ymax>
    </bndbox>
  </object>
</annotation>
