<annotation>
  <folder>xy</folder>
  <filename>xy_103_136_78319506-677f-11eb-99a3-1c1bb530dd88.jpg</filename>
  <source>
    <database>Unknown</database>
    <annotation>Unknown</annotation>
    <image>Unknown</image>
  </source>
  <size>
    <width>224</width>
    <height>224</height>
    <depth></depth>
  </size>
  <segmented>0</segmented>
  <object>
    <name>blue-line</name>
    <occluded>0</occluded>
    <bndbox>
      <xmin>93.35</xmin>
      <ymin>129.75</ymin>
      <xmax>113.05</xmax>
      <ymax>145.99</ymax>
    </bndbox>
  </object>
  <object>
    <name>blue-line</name>
    <occluded>0</occluded>
    <bndbox>
      <xmin>63.62</xmin>
      <ymin>156.71</ymin>
      <xmax>91.97</xmax>
      <ymax>185.4</ymax>
    </bndbox>
  </object>
  <object>
    <name>blue-line</name>
    <occluded>0</occluded>
    <bndbox>
      <xmin>110.98</xmin>
      <ymin>112.46</ymin>
      <xmax>126.53</xmax>
      <ymax>122.83</ymax>
    </bndbox>
  </object>
</annotation>
