<annotation>
  <folder>xy</folder>
  <filename>xy_110_153_1a891682-677e-11eb-99a3-1c1bb530dd88.jpg</filename>
  <source>
    <database>Unknown</database>
    <annotation>Unknown</annotation>
    <image>Unknown</image>
  </source>
  <size>
    <width>224</width>
    <height>224</height>
    <depth></depth>
  </size>
  <segmented>0</segmented>
  <object>
    <name>blue-line</name>
    <occluded>0</occluded>
    <bndbox>
      <xmin>92.66</xmin>
      <ymin>138.39</ymin>
      <xmax>118.93</xmax>
      <ymax>161.9</ymax>
    </bndbox>
  </object>
  <object>
    <name>blue-line</name>
    <occluded>0</occluded>
    <bndbox>
      <xmin>69.5</xmin>
      <ymin>118.0</ymin>
      <xmax>85.74</xmax>
      <ymax>129.06</ymax>
    </bndbox>
  </object>
  <object>
    <name>blue-line</name>
    <occluded>0</occluded>
    <bndbox>
      <xmin>51.87</xmin>
      <ymin>108.66</ymin>
      <xmax>65.0</xmax>
      <ymax>115.57</ymax>
    </bndbox>
  </object>
</annotation>
