<annotation>
  <folder>xy</folder>
  <filename>xy_125_150_bc25628e-677e-11eb-99a3-1c1bb530dd88.jpg</filename>
  <source>
    <database>Unknown</database>
    <annotation>Unknown</annotation>
    <image>Unknown</image>
  </source>
  <size>
    <width>224</width>
    <height>224</height>
    <depth></depth>
  </size>
  <segmented>0</segmented>
  <object>
    <name>blue-line</name>
    <occluded>0</occluded>
    <bndbox>
      <xmin>114.78</xmin>
      <ymin>140.91</ymin>
      <xmax>130.68</xmax>
      <ymax>160.62</ymax>
    </bndbox>
  </object>
  <object>
    <name>blue-line</name>
    <occluded>0</occluded>
    <bndbox>
      <xmin>105.45</xmin>
      <ymin>112.91</ymin>
      <xmax>117.55</xmax>
      <ymax>122.94</ymax>
    </bndbox>
  </object>
  <object>
    <name>blue-line</name>
    <occluded>0</occluded>
    <bndbox>
      <xmin>98.53</xmin>
      <ymin>95.63</ymin>
      <xmax>108.9</xmax>
      <ymax>100.82</ymax>
    </bndbox>
  </object>
</annotation>
