<annotation>
  <folder>xy</folder>
  <filename>xy_117_159_4e99f88c-677f-11eb-99a3-1c1bb530dd88.jpg</filename>
  <source>
    <database>Unknown</database>
    <annotation>Unknown</annotation>
    <image>Unknown</image>
  </source>
  <size>
    <width>224</width>
    <height>224</height>
    <depth></depth>
  </size>
  <segmented>0</segmented>
  <object>
    <name>blue-line</name>
    <occluded>0</occluded>
    <bndbox>
      <xmin>107.87</xmin>
      <ymin>152.22</ymin>
      <xmax>139.67</xmax>
      <ymax>176.07</ymax>
    </bndbox>
  </object>
  <object>
    <name>blue-line</name>
    <occluded>0</occluded>
    <bndbox>
      <xmin>80.21</xmin>
      <ymin>130.09</ymin>
      <xmax>100.95</xmax>
      <ymax>143.58</ymax>
    </bndbox>
  </object>
  <object>
    <name>blue-line</name>
    <occluded>0</occluded>
    <bndbox>
      <xmin>61.89</xmin>
      <ymin>114.54</ymin>
      <xmax>76.41</xmax>
      <ymax>124.22</ymax>
    </bndbox>
  </object>
</annotation>
