<annotation>
  <folder>xy</folder>
  <filename>xy_125_138_786d2a50-677d-11eb-99a3-1c1bb530dd88.jpg</filename>
  <source>
    <database>Unknown</database>
    <annotation>Unknown</annotation>
    <image>Unknown</image>
  </source>
  <size>
    <width>224</width>
    <height>224</height>
    <depth></depth>
  </size>
  <segmented>0</segmented>
  <object>
    <name>blue-line</name>
    <occluded>0</occluded>
    <bndbox>
      <xmin>92.66</xmin>
      <ymin>166.74</ymin>
      <xmax>120.66</xmax>
      <ymax>200.96</ymax>
    </bndbox>
  </object>
  <object>
    <name>blue-line</name>
    <occluded>0</occluded>
    <bndbox>
      <xmin>116.51</xmin>
      <ymin>129.06</ymin>
      <xmax>133.45</xmax>
      <ymax>144.27</ymax>
    </bndbox>
  </object>
  <object>
    <name>blue-line</name>
    <occluded>0</occluded>
    <bndbox>
      <xmin>125.15</xmin>
      <ymin>113.16</ymin>
      <xmax>136.9</xmax>
      <ymax>122.14</ymax>
    </bndbox>
  </object>
</annotation>
