<annotation>
  <folder>xy</folder>
  <filename>xy_113_138_ecd1428c-677d-11eb-99a3-1c1bb530dd88.jpg</filename>
  <source>
    <database>Unknown</database>
    <annotation>Unknown</annotation>
    <image>Unknown</image>
  </source>
  <size>
    <width>224</width>
    <height>224</height>
    <depth></depth>
  </size>
  <segmented>0</segmented>
  <object>
    <name>blue-line</name>
    <occluded>0</occluded>
    <bndbox>
      <xmin>57.05</xmin>
      <ymin>191.28</ymin>
      <xmax>93.35</xmax>
      <ymax>223.08</ymax>
    </bndbox>
  </object>
  <object>
    <name>blue-line</name>
    <occluded>0</occluded>
    <bndbox>
      <xmin>105.79</xmin>
      <ymin>131.48</ymin>
      <xmax>122.38</xmax>
      <ymax>144.61</ymax>
    </bndbox>
  </object>
  <object>
    <name>blue-line</name>
    <occluded>0</occluded>
    <bndbox>
      <xmin>118.24</xmin>
      <ymin>104.17</ymin>
      <xmax>128.95</xmax>
      <ymax>115.23</ymax>
    </bndbox>
  </object>
</annotation>
