<annotation>
  <folder>xy</folder>
  <filename>xy_113_142_96e9ca42-677d-11eb-99a3-1c1bb530dd88.jpg</filename>
  <source>
    <database>Unknown</database>
    <annotation>Unknown</annotation>
    <image>Unknown</image>
  </source>
  <size>
    <width>224</width>
    <height>224</height>
    <depth></depth>
  </size>
  <segmented>0</segmented>
  <object>
    <name>blue-line</name>
    <occluded>0</occluded>
    <bndbox>
      <xmin>82.98</xmin>
      <ymin>158.09</ymin>
      <xmax>110.63</xmax>
      <ymax>185.4</ymax>
    </bndbox>
  </object>
  <object>
    <name>blue-line</name>
    <occluded>0</occluded>
    <bndbox>
      <xmin>106.83</xmin>
      <ymin>131.48</ymin>
      <xmax>126.88</xmax>
      <ymax>147.38</ymax>
    </bndbox>
  </object>
  <object>
    <name>blue-line</name>
    <occluded>0</occluded>
    <bndbox>
      <xmin>121.69</xmin>
      <ymin>114.19</ymin>
      <xmax>136.21</xmax>
      <ymax>124.56</ymax>
    </bndbox>
  </object>
</annotation>
