<annotation>
  <folder>xy</folder>
  <filename>xy_123_149_66a009f0-677d-11eb-99a3-1c1bb530dd88.jpg</filename>
  <source>
    <database>Unknown</database>
    <annotation>Unknown</annotation>
    <image>Unknown</image>
  </source>
  <size>
    <width>224</width>
    <height>224</height>
    <depth></depth>
  </size>
  <segmented>0</segmented>
  <object>
    <name>blue-line</name>
    <occluded>0</occluded>
    <bndbox>
      <xmin>68.8</xmin>
      <ymin>190.24</ymin>
      <xmax>106.48</xmax>
      <ymax>223.43</ymax>
    </bndbox>
  </object>
  <object>
    <name>blue-line</name>
    <occluded>0</occluded>
    <bndbox>
      <xmin>110.63</xmin>
      <ymin>140.81</ymin>
      <xmax>132.76</xmax>
      <ymax>162.93</ymax>
    </bndbox>
  </object>
  <object>
    <name>blue-line</name>
    <occluded>0</occluded>
    <bndbox>
      <xmin>129.3</xmin>
      <ymin>116.96</ymin>
      <xmax>143.82</xmax>
      <ymax>127.33</ymax>
    </bndbox>
  </object>
</annotation>
