<annotation>
  <folder>xy</folder>
  <filename>xy_147_157_6d704330-677d-11eb-99a3-1c1bb530dd88.jpg</filename>
  <source>
    <database>Unknown</database>
    <annotation>Unknown</annotation>
    <image>Unknown</image>
  </source>
  <size>
    <width>224</width>
    <height>224</height>
    <depth></depth>
  </size>
  <segmented>0</segmented>
  <object>
    <name>blue-line</name>
    <occluded>0</occluded>
    <bndbox>
      <xmin>134.14</xmin>
      <ymin>145.06</ymin>
      <xmax>155.57</xmax>
      <ymax>167.18</ymax>
    </bndbox>
  </object>
  <object>
    <name>blue-line</name>
    <occluded>0</occluded>
    <bndbox>
      <xmin>118.24</xmin>
      <ymin>117.06</ymin>
      <xmax>133.79</xmax>
      <ymax>128.81</ymax>
    </bndbox>
  </object>
  <object>
    <name>blue-line</name>
    <occluded>0</occluded>
    <bndbox>
      <xmin>109.94</xmin>
      <ymin>101.51</ymin>
      <xmax>119.62</xmax>
      <ymax>109.8</ymax>
    </bndbox>
  </object>
</annotation>
