<annotation>
  <folder>xy</folder>
  <filename>xy_119_145_1617819c-677e-11eb-99a3-1c1bb530dd88.jpg</filename>
  <source>
    <database>Unknown</database>
    <annotation>Unknown</annotation>
    <image>Unknown</image>
  </source>
  <size>
    <width>224</width>
    <height>224</height>
    <depth></depth>
  </size>
  <segmented>0</segmented>
  <object>
    <name>blue-line</name>
    <occluded>0</occluded>
    <bndbox>
      <xmin>153.5</xmin>
      <ymin>173.65</ymin>
      <xmax>192.21</xmax>
      <ymax>208.22</ymax>
    </bndbox>
  </object>
  <object>
    <name>blue-line</name>
    <occluded>0</occluded>
    <bndbox>
      <xmin>101.64</xmin>
      <ymin>133.55</ymin>
      <xmax>127.92</xmax>
      <ymax>150.83</ymax>
    </bndbox>
  </object>
  <object>
    <name>blue-line</name>
    <occluded>0</occluded>
    <bndbox>
      <xmin>65.69</xmin>
      <ymin>115.58</ymin>
      <xmax>89.89</xmax>
      <ymax>123.87</ymax>
    </bndbox>
  </object>
</annotation>
