<annotation>
  <folder>xy</folder>
  <filename>xy_154_158_bf074e1e-677d-11eb-99a3-1c1bb530dd88.jpg</filename>
  <source>
    <database>Unknown</database>
    <annotation>Unknown</annotation>
    <image>Unknown</image>
  </source>
  <size>
    <width>224</width>
    <height>224</height>
    <depth></depth>
  </size>
  <segmented>0</segmented>
  <object>
    <name>blue-line</name>
    <occluded>0</occluded>
    <bndbox>
      <xmin>137.25</xmin>
      <ymin>147.14</ymin>
      <xmax>166.63</xmax>
      <ymax>168.91</ymax>
    </bndbox>
  </object>
  <object>
    <name>blue-line</name>
    <occluded>0</occluded>
    <bndbox>
      <xmin>100.95</xmin>
      <ymin>123.63</ymin>
      <xmax>121.69</xmax>
      <ymax>136.07</ymax>
    </bndbox>
  </object>
  <object>
    <name>blue-line</name>
    <occluded>0</occluded>
    <bndbox>
      <xmin>67.77</xmin>
      <ymin>111.53</ymin>
      <xmax>86.43</xmax>
      <ymax>118.79</ymax>
    </bndbox>
  </object>
</annotation>
