<annotation>
  <folder>xy</folder>
  <filename>xy_133_161_8e07dc6e-677f-11eb-99a3-1c1bb530dd88.jpg</filename>
  <source>
    <database>Unknown</database>
    <annotation>Unknown</annotation>
    <image>Unknown</image>
  </source>
  <size>
    <width>224</width>
    <height>224</height>
    <depth></depth>
  </size>
  <segmented>0</segmented>
  <object>
    <name>blue-line</name>
    <occluded>0</occluded>
    <bndbox>
      <xmin>117.55</xmin>
      <ymin>154.05</ymin>
      <xmax>150.04</xmax>
      <ymax>183.09</ymax>
    </bndbox>
  </object>
  <object>
    <name>blue-line</name>
    <occluded>0</occluded>
    <bndbox>
      <xmin>81.94</xmin>
      <ymin>116.37</ymin>
      <xmax>98.19</xmax>
      <ymax>126.39</ymax>
    </bndbox>
  </object>
  <object>
    <name>blue-line</name>
    <occluded>0</occluded>
    <bndbox>
      <xmin>59.13</xmin>
      <ymin>108.42</ymin>
      <xmax>73.99</xmax>
      <ymax>114.3</ymax>
    </bndbox>
  </object>
</annotation>
