<annotation>
  <folder>xy</folder>
  <filename>xy_123_161_40a1cb48-677e-11eb-99a3-1c1bb530dd88.jpg</filename>
  <source>
    <database>Unknown</database>
    <annotation>Unknown</annotation>
    <image>Unknown</image>
  </source>
  <size>
    <width>224</width>
    <height>224</height>
    <depth></depth>
  </size>
  <segmented>0</segmented>
  <object>
    <name>blue-line</name>
    <occluded>0</occluded>
    <bndbox>
      <xmin>109.94</xmin>
      <ymin>148.76</ymin>
      <xmax>134.83</xmax>
      <ymax>170.19</ymax>
    </bndbox>
  </object>
  <object>
    <name>blue-line</name>
    <occluded>0</occluded>
    <bndbox>
      <xmin>87.82</xmin>
      <ymin>118.69</ymin>
      <xmax>103.03</xmax>
      <ymax>128.02</ymax>
    </bndbox>
  </object>
  <object>
    <name>blue-line</name>
    <occluded>0</occluded>
    <bndbox>
      <xmin>76.41</xmin>
      <ymin>102.79</ymin>
      <xmax>87.13</xmax>
      <ymax>110.74</ymax>
    </bndbox>
  </object>
</annotation>
