<annotation>
  <folder>xy</folder>
  <filename>xy_100_148_4a33d844-677f-11eb-99a3-1c1bb530dd88.jpg</filename>
  <source>
    <database>Unknown</database>
    <annotation>Unknown</annotation>
    <image>Unknown</image>
  </source>
  <size>
    <width>224</width>
    <height>224</height>
    <depth></depth>
  </size>
  <segmented>0</segmented>
  <object>
    <name>blue-line</name>
    <occluded>0</occluded>
    <bndbox>
      <xmin>111.61</xmin>
      <ymin>118.48</ymin>
      <xmax>126.13</xmax>
      <ymax>129.37</ymax>
    </bndbox>
  </object>
  <object>
    <name>blue-line</name>
    <occluded>0</occluded>
    <bndbox>
      <xmin>87.5</xmin>
      <ymin>138.44</ymin>
      <xmax>111.87</xmax>
      <ymax>158.14</ymax>
    </bndbox>
  </object>
  <object>
    <name>blue-line</name>
    <occluded>0</occluded>
    <bndbox>
      <xmin>126.38</xmin>
      <ymin>103.7</ymin>
      <xmax>136.5</xmax>
      <ymax>111.48</ymax>
    </bndbox>
  </object>
</annotation>
