<annotation>
  <folder>xy</folder>
  <filename>xy_125_131_108d7cd6-677e-11eb-99a3-1c1bb530dd88.jpg</filename>
  <source>
    <database>Unknown</database>
    <annotation>Unknown</annotation>
    <image>Unknown</image>
  </source>
  <size>
    <width>224</width>
    <height>224</height>
    <depth></depth>
  </size>
  <segmented>0</segmented>
  <object>
    <name>blue-line</name>
    <occluded>0</occluded>
    <bndbox>
      <xmin>91.62</xmin>
      <ymin>157.75</ymin>
      <xmax>118.58</xmax>
      <ymax>189.55</ymax>
    </bndbox>
  </object>
  <object>
    <name>blue-line</name>
    <occluded>0</occluded>
    <bndbox>
      <xmin>117.55</xmin>
      <ymin>120.42</ymin>
      <xmax>129.64</xmax>
      <ymax>133.21</ymax>
    </bndbox>
  </object>
  <object>
    <name>blue-line</name>
    <occluded>0</occluded>
    <bndbox>
      <xmin>121.0</xmin>
      <ymin>100.71</ymin>
      <xmax>131.37</xmax>
      <ymax>109.35</ymax>
    </bndbox>
  </object>
</annotation>
