<annotation>
  <folder>xy</folder>
  <filename>xy_109_146_7de2c570-677e-11eb-99a3-1c1bb530dd88.jpg</filename>
  <source>
    <database>Unknown</database>
    <annotation>Unknown</annotation>
    <image>Unknown</image>
  </source>
  <size>
    <width>224</width>
    <height>224</height>
    <depth></depth>
  </size>
  <segmented>0</segmented>
  <object>
    <name>blue-line</name>
    <occluded>0</occluded>
    <bndbox>
      <xmin>73.64</xmin>
      <ymin>170.19</ymin>
      <xmax>105.79</xmax>
      <ymax>204.76</ymax>
    </bndbox>
  </object>
  <object>
    <name>blue-line</name>
    <occluded>0</occluded>
    <bndbox>
      <xmin>102.34</xmin>
      <ymin>138.39</ymin>
      <xmax>119.62</xmax>
      <ymax>155.67</ymax>
    </bndbox>
  </object>
  <object>
    <name>blue-line</name>
    <occluded>0</occluded>
    <bndbox>
      <xmin>109.94</xmin>
      <ymin>111.08</ymin>
      <xmax>120.31</xmax>
      <ymax>120.41</ymax>
    </bndbox>
  </object>
</annotation>
