<annotation>
  <folder>xy</folder>
  <filename>xy_119_143_5ff02ebc-677f-11eb-99a3-1c1bb530dd88.jpg</filename>
  <source>
    <database>Unknown</database>
    <annotation>Unknown</annotation>
    <image>Unknown</image>
  </source>
  <size>
    <width>224</width>
    <height>224</height>
    <depth></depth>
  </size>
  <segmented>0</segmented>
  <object>
    <name>blue-line</name>
    <occluded>0</occluded>
    <bndbox>
      <xmin>142.78</xmin>
      <ymin>173.65</ymin>
      <xmax>177.35</xmax>
      <ymax>207.53</ymax>
    </bndbox>
  </object>
  <object>
    <name>blue-line</name>
    <occluded>0</occluded>
    <bndbox>
      <xmin>106.83</xmin>
      <ymin>134.59</ymin>
      <xmax>129.64</xmax>
      <ymax>151.87</ymax>
    </bndbox>
  </object>
  <object>
    <name>blue-line</name>
    <occluded>0</occluded>
    <bndbox>
      <xmin>90.24</xmin>
      <ymin>113.85</ymin>
      <xmax>103.72</xmax>
      <ymax>123.18</ymax>
    </bndbox>
  </object>
</annotation>
