<annotation>
  <folder>xy</folder>
  <filename>xy_121_139_1f4518a4-6780-11eb-99a3-1c1bb530dd88.jpg</filename>
  <source>
    <database>Unknown</database>
    <annotation>Unknown</annotation>
    <image>Unknown</image>
  </source>
  <size>
    <width>224</width>
    <height>224</height>
    <depth></depth>
  </size>
  <segmented>0</segmented>
  <object>
    <name>blue-line</name>
    <occluded>0</occluded>
    <bndbox>
      <xmin>113.74</xmin>
      <ymin>193.35</ymin>
      <xmax>134.83</xmax>
      <ymax>223.43</ymax>
    </bndbox>
  </object>
  <object>
    <name>blue-line</name>
    <occluded>0</occluded>
    <bndbox>
      <xmin>115.82</xmin>
      <ymin>128.71</ymin>
      <xmax>127.57</xmax>
      <ymax>144.61</ymax>
    </bndbox>
  </object>
  <object>
    <name>blue-line</name>
    <occluded>0</occluded>
    <bndbox>
      <xmin>116.16</xmin>
      <ymin>108.66</ymin>
      <xmax>126.19</xmax>
      <ymax>117.65</ymax>
    </bndbox>
  </object>
</annotation>
