<annotation>
  <folder>xy</folder>
  <filename>xy_121_174_fe19cf36-677e-11eb-99a3-1c1bb530dd88.jpg</filename>
  <source>
    <database>Unknown</database>
    <annotation>Unknown</annotation>
    <image>Unknown</image>
  </source>
  <size>
    <width>224</width>
    <height>224</height>
    <depth></depth>
  </size>
  <segmented>0</segmented>
  <object>
    <name>blue-line</name>
    <occluded>0</occluded>
    <bndbox>
      <xmin>114.09</xmin>
      <ymin>166.74</ymin>
      <xmax>149.0</xmax>
      <ymax>193.01</ymax>
    </bndbox>
  </object>
  <object>
    <name>blue-line</name>
    <occluded>0</occluded>
    <bndbox>
      <xmin>60.16</xmin>
      <ymin>139.77</ymin>
      <xmax>85.74</xmax>
      <ymax>152.56</ymax>
    </bndbox>
  </object>
  <object>
    <name>blue-line</name>
    <occluded>0</occluded>
    <bndbox>
      <xmin>22.48</xmin>
      <ymin>130.09</ymin>
      <xmax>39.42</xmax>
      <ymax>136.32</ymax>
    </bndbox>
  </object>
</annotation>
