<annotation>
  <folder>xy</folder>
  <filename>xy_129_135_dee0fa9e-677f-11eb-99a3-1c1bb530dd88.jpg</filename>
  <source>
    <database>Unknown</database>
    <annotation>Unknown</annotation>
    <image>Unknown</image>
  </source>
  <size>
    <width>224</width>
    <height>224</height>
    <depth></depth>
  </size>
  <segmented>0</segmented>
  <object>
    <name>blue-line</name>
    <occluded>0</occluded>
    <bndbox>
      <xmin>80.21</xmin>
      <ymin>182.74</ymin>
      <xmax>115.82</xmax>
      <ymax>222.49</ymax>
    </bndbox>
  </object>
  <object>
    <name>blue-line</name>
    <occluded>0</occluded>
    <bndbox>
      <xmin>119.62</xmin>
      <ymin>131.93</ymin>
      <xmax>135.52</xmax>
      <ymax>149.9</ymax>
    </bndbox>
  </object>
  <object>
    <name>blue-line</name>
    <occluded>0</occluded>
    <bndbox>
      <xmin>128.26</xmin>
      <ymin>107.04</ymin>
      <xmax>138.98</xmax>
      <ymax>116.72</ymax>
    </bndbox>
  </object>
</annotation>
