<annotation>
  <folder>xy</folder>
  <filename>xy_123_149_52240818-677e-11eb-99a3-1c1bb530dd88.jpg</filename>
  <source>
    <database>Unknown</database>
    <annotation>Unknown</annotation>
    <image>Unknown</image>
  </source>
  <size>
    <width>224</width>
    <height>224</height>
    <depth></depth>
  </size>
  <segmented>0</segmented>
  <object>
    <name>blue-line</name>
    <occluded>0</occluded>
    <bndbox>
      <xmin>116.51</xmin>
      <ymin>140.81</ymin>
      <xmax>131.03</xmax>
      <ymax>161.2</ymax>
    </bndbox>
  </object>
  <object>
    <name>blue-line</name>
    <occluded>0</occluded>
    <bndbox>
      <xmin>118.93</xmin>
      <ymin>114.88</ymin>
      <xmax>128.61</xmax>
      <ymax>125.95</ymax>
    </bndbox>
  </object>
  <object>
    <name>blue-line</name>
    <occluded>0</occluded>
    <bndbox>
      <xmin>119.97</xmin>
      <ymin>97.95</ymin>
      <xmax>127.92</xmax>
      <ymax>103.48</ymax>
    </bndbox>
  </object>
</annotation>
