<annotation>
  <folder>xy</folder>
  <filename>xy_119_124_fd9cc2ee-677d-11eb-99a3-1c1bb530dd88.jpg</filename>
  <source>
    <database>Unknown</database>
    <annotation>Unknown</annotation>
    <image>Unknown</image>
  </source>
  <size>
    <width>224</width>
    <height>224</height>
    <depth></depth>
  </size>
  <segmented>0</segmented>
  <object>
    <name>blue-line</name>
    <occluded>0</occluded>
    <bndbox>
      <xmin>115.47</xmin>
      <ymin>167.08</ymin>
      <xmax>137.6</xmax>
      <ymax>208.22</ymax>
    </bndbox>
  </object>
  <object>
    <name>blue-line</name>
    <occluded>0</occluded>
    <bndbox>
      <xmin>114.09</xmin>
      <ymin>119.38</ymin>
      <xmax>127.22</xmax>
      <ymax>133.55</ymax>
    </bndbox>
  </object>
  <object>
    <name>blue-line</name>
    <occluded>0</occluded>
    <bndbox>
      <xmin>107.52</xmin>
      <ymin>100.37</ymin>
      <xmax>117.89</xmax>
      <ymax>109.35</ymax>
    </bndbox>
  </object>
</annotation>
