<annotation>
  <folder>xy</folder>
  <filename>xy_121_143_38afda40-6780-11eb-99a3-1c1bb530dd88.jpg</filename>
  <source>
    <database>Unknown</database>
    <annotation>Unknown</annotation>
    <image>Unknown</image>
  </source>
  <size>
    <width>224</width>
    <height>224</height>
    <depth></depth>
  </size>
  <segmented>0</segmented>
  <object>
    <name>blue-line</name>
    <occluded>0</occluded>
    <bndbox>
      <xmin>113.4</xmin>
      <ymin>163.28</ymin>
      <xmax>130.68</xmax>
      <ymax>190.59</ymax>
    </bndbox>
  </object>
  <object>
    <name>blue-line</name>
    <occluded>0</occluded>
    <bndbox>
      <xmin>114.78</xmin>
      <ymin>132.86</ymin>
      <xmax>127.92</xmax>
      <ymax>149.8</ymax>
    </bndbox>
  </object>
  <object>
    <name>blue-line</name>
    <occluded>0</occluded>
    <bndbox>
      <xmin>108.56</xmin>
      <ymin>115.58</ymin>
      <xmax>120.31</xmax>
      <ymax>124.56</ymax>
    </bndbox>
  </object>
</annotation>
