<annotation>
  <folder>xy</folder>
  <filename>xy_127_119_9349d6e0-6780-11eb-99a3-1c1bb530dd88.jpg</filename>
  <source>
    <database>Unknown</database>
    <annotation>Unknown</annotation>
    <image>Unknown</image>
  </source>
  <size>
    <width>224</width>
    <height>224</height>
    <depth></depth>
  </size>
  <segmented>0</segmented>
  <object>
    <name>blue-line</name>
    <occluded>0</occluded>
    <bndbox>
      <xmin>103.03</xmin>
      <ymin>140.91</ymin>
      <xmax>124.11</xmax>
      <ymax>163.73</ymax>
    </bndbox>
  </object>
  <object>
    <name>blue-line</name>
    <occluded>0</occluded>
    <bndbox>
      <xmin>120.66</xmin>
      <ymin>111.53</ymin>
      <xmax>131.37</xmax>
      <ymax>120.86</ymax>
    </bndbox>
  </object>
  <object>
    <name>blue-line</name>
    <occluded>0</occluded>
    <bndbox>
      <xmin>116.51</xmin>
      <ymin>95.63</ymin>
      <xmax>126.53</xmax>
      <ymax>102.54</ymax>
    </bndbox>
  </object>
</annotation>
