<annotation>
  <folder>xy</folder>
  <filename>xy_116_128_68149938-6780-11eb-99a3-1c1bb530dd88.jpg</filename>
  <source>
    <database>Unknown</database>
    <annotation>Unknown</annotation>
    <image>Unknown</image>
  </source>
  <size>
    <width>224</width>
    <height>224</height>
    <depth></depth>
  </size>
  <segmented>0</segmented>
  <object>
    <name>blue-line</name>
    <occluded>0</occluded>
    <bndbox>
      <xmin>93.35</xmin>
      <ymin>141.85</ymin>
      <xmax>115.47</xmax>
      <ymax>161.2</ymax>
    </bndbox>
  </object>
  <object>
    <name>blue-line</name>
    <occluded>0</occluded>
    <bndbox>
      <xmin>109.94</xmin>
      <ymin>122.14</ymin>
      <xmax>124.46</xmax>
      <ymax>134.59</ymax>
    </bndbox>
  </object>
  <object>
    <name>blue-line</name>
    <occluded>0</occluded>
    <bndbox>
      <xmin>121.35</xmin>
      <ymin>101.06</ymin>
      <xmax>132.06</xmax>
      <ymax>110.04</ymax>
    </bndbox>
  </object>
</annotation>
