<annotation>
  <folder>xy</folder>
  <filename>xy_119_168_a7675c08-677e-11eb-99a3-1c1bb530dd88.jpg</filename>
  <source>
    <database>Unknown</database>
    <annotation>Unknown</annotation>
    <image>Unknown</image>
  </source>
  <size>
    <width>224</width>
    <height>224</height>
    <depth></depth>
  </size>
  <segmented>0</segmented>
  <object>
    <name>blue-line</name>
    <occluded>0</occluded>
    <bndbox>
      <xmin>109.25</xmin>
      <ymin>163.97</ymin>
      <xmax>143.82</xmax>
      <ymax>189.9</ymax>
    </bndbox>
  </object>
  <object>
    <name>blue-line</name>
    <occluded>0</occluded>
    <bndbox>
      <xmin>82.29</xmin>
      <ymin>142.54</ymin>
      <xmax>105.79</xmax>
      <ymax>160.51</ymax>
    </bndbox>
  </object>
  <object>
    <name>blue-line</name>
    <occluded>0</occluded>
    <bndbox>
      <xmin>57.4</xmin>
      <ymin>130.44</ymin>
      <xmax>75.03</xmax>
      <ymax>142.54</ymax>
    </bndbox>
  </object>
</annotation>
