<annotation>
  <folder>xy</folder>
  <filename>xy_112_130_36616d04-677f-11eb-99a3-1c1bb530dd88.jpg</filename>
  <source>
    <database>Unknown</database>
    <annotation>Unknown</annotation>
    <image>Unknown</image>
  </source>
  <size>
    <width>224</width>
    <height>224</height>
    <depth></depth>
  </size>
  <segmented>0</segmented>
  <object>
    <name>blue-line</name>
    <occluded>0</occluded>
    <bndbox>
      <xmin>67.42</xmin>
      <ymin>179.87</ymin>
      <xmax>98.88</xmax>
      <ymax>217.9</ymax>
    </bndbox>
  </object>
  <object>
    <name>blue-line</name>
    <occluded>0</occluded>
    <bndbox>
      <xmin>105.1</xmin>
      <ymin>121.11</ymin>
      <xmax>118.24</xmax>
      <ymax>133.21</ymax>
    </bndbox>
  </object>
  <object>
    <name>blue-line</name>
    <occluded>0</occluded>
    <bndbox>
      <xmin>113.05</xmin>
      <ymin>105.9</ymin>
      <xmax>124.46</xmax>
      <ymax>113.5</ymax>
    </bndbox>
  </object>
</annotation>
