<annotation>
  <folder>xy</folder>
  <filename>xy_113_121_ee64f3f8-677f-11eb-99a3-1c1bb530dd88.jpg</filename>
  <source>
    <database>Unknown</database>
    <annotation>Unknown</annotation>
    <image>Unknown</image>
  </source>
  <size>
    <width>224</width>
    <height>224</height>
    <depth></depth>
  </size>
  <segmented>0</segmented>
  <object>
    <name>blue-line</name>
    <occluded>0</occluded>
    <bndbox>
      <xmin>100.61</xmin>
      <ymin>143.23</ymin>
      <xmax>118.24</xmax>
      <ymax>171.58</ymax>
    </bndbox>
  </object>
  <object>
    <name>blue-line</name>
    <occluded>0</occluded>
    <bndbox>
      <xmin>109.25</xmin>
      <ymin>114.88</ymin>
      <xmax>119.27</xmax>
      <ymax>126.64</ymax>
    </bndbox>
  </object>
  <object>
    <name>blue-line</name>
    <occluded>0</occluded>
    <bndbox>
      <xmin>105.79</xmin>
      <ymin>101.06</ymin>
      <xmax>115.47</xmax>
      <ymax>107.28</ymax>
    </bndbox>
  </object>
</annotation>
