<annotation>
  <folder>xy</folder>
  <filename>xy_123_152_b58230cc-6780-11eb-99a3-1c1bb530dd88.jpg</filename>
  <source>
    <database>Unknown</database>
    <annotation>Unknown</annotation>
    <image>Unknown</image>
  </source>
  <size>
    <width>224</width>
    <height>224</height>
    <depth></depth>
  </size>
  <segmented>0</segmented>
  <object>
    <name>blue-line</name>
    <occluded>0</occluded>
    <bndbox>
      <xmin>117.2</xmin>
      <ymin>145.3</ymin>
      <xmax>130.68</xmax>
      <ymax>166.04</ymax>
    </bndbox>
  </object>
  <object>
    <name>blue-line</name>
    <occluded>0</occluded>
    <bndbox>
      <xmin>116.16</xmin>
      <ymin>116.27</ymin>
      <xmax>127.92</xmax>
      <ymax>126.98</ymax>
    </bndbox>
  </object>
  <object>
    <name>blue-line</name>
    <occluded>0</occluded>
    <bndbox>
      <xmin>117.55</xmin>
      <ymin>101.75</ymin>
      <xmax>126.19</xmax>
      <ymax>109.35</ymax>
    </bndbox>
  </object>
</annotation>
