<annotation>
  <folder>xy</folder>
  <filename>xy_138_136_7dc53e48-677d-11eb-99a3-1c1bb530dd88.jpg</filename>
  <source>
    <database>Unknown</database>
    <annotation>Unknown</annotation>
    <image>Unknown</image>
  </source>
  <size>
    <width>224</width>
    <height>224</height>
    <depth></depth>
  </size>
  <segmented>0</segmented>
  <object>
    <name>blue-line</name>
    <occluded>0</occluded>
    <bndbox>
      <xmin>147.27</xmin>
      <ymin>172.27</ymin>
      <xmax>177.0</xmax>
      <ymax>206.49</ymax>
    </bndbox>
  </object>
  <object>
    <name>blue-line</name>
    <occluded>0</occluded>
    <bndbox>
      <xmin>128.26</xmin>
      <ymin>131.13</ymin>
      <xmax>146.93</xmax>
      <ymax>149.45</ymax>
    </bndbox>
  </object>
  <object>
    <name>blue-line</name>
    <occluded>0</occluded>
    <bndbox>
      <xmin>119.62</xmin>
      <ymin>113.85</ymin>
      <xmax>132.06</xmax>
      <ymax>123.18</ymax>
    </bndbox>
  </object>
</annotation>
