<annotation>
  <folder>xy</folder>
  <filename>xy_105_123_d9186d22-677f-11eb-99a3-1c1bb530dd88.jpg</filename>
  <source>
    <database>Unknown</database>
    <annotation>Unknown</annotation>
    <image>Unknown</image>
  </source>
  <size>
    <width>224</width>
    <height>224</height>
    <depth></depth>
  </size>
  <segmented>0</segmented>
  <object>
    <name>blue-line</name>
    <occluded>0</occluded>
    <bndbox>
      <xmin>108.21</xmin>
      <ymin>155.33</ymin>
      <xmax>131.03</xmax>
      <ymax>184.71</ymax>
    </bndbox>
  </object>
  <object>
    <name>blue-line</name>
    <occluded>0</occluded>
    <bndbox>
      <xmin>98.19</xmin>
      <ymin>119.03</ymin>
      <xmax>112.71</xmax>
      <ymax>131.48</ymax>
    </bndbox>
  </object>
  <object>
    <name>blue-line</name>
    <occluded>0</occluded>
    <bndbox>
      <xmin>85.05</xmin>
      <ymin>101.75</ymin>
      <xmax>100.95</xmax>
      <ymax>109.35</ymax>
    </bndbox>
  </object>
</annotation>
