<annotation>
  <folder>xy</folder>
  <filename>xy_113_139_024bc358-677e-11eb-99a3-1c1bb530dd88.jpg</filename>
  <source>
    <database>Unknown</database>
    <annotation>Unknown</annotation>
    <image>Unknown</image>
  </source>
  <size>
    <width>224</width>
    <height>224</height>
    <depth></depth>
  </size>
  <segmented>0</segmented>
  <object>
    <name>blue-line</name>
    <occluded>0</occluded>
    <bndbox>
      <xmin>42.88</xmin>
      <ymin>178.14</ymin>
      <xmax>85.05</xmax>
      <ymax>223.08</ymax>
    </bndbox>
  </object>
  <object>
    <name>blue-line</name>
    <occluded>0</occluded>
    <bndbox>
      <xmin>104.06</xmin>
      <ymin>128.02</ymin>
      <xmax>122.39</xmax>
      <ymax>143.58</ymax>
    </bndbox>
  </object>
  <object>
    <name>blue-line</name>
    <occluded>0</occluded>
    <bndbox>
      <xmin>122.39</xmin>
      <ymin>105.21</ymin>
      <xmax>132.06</xmax>
      <ymax>114.54</ymax>
    </bndbox>
  </object>
</annotation>
