<annotation>
  <folder>xy</folder>
  <filename>xy_110_136_27572b2c-6780-11eb-99a3-1c1bb530dd88.jpg</filename>
  <source>
    <database>Unknown</database>
    <annotation>Unknown</annotation>
    <image>Unknown</image>
  </source>
  <size>
    <width>224</width>
    <height>224</height>
    <depth></depth>
  </size>
  <segmented>0</segmented>
  <object>
    <name>blue-line</name>
    <occluded>0</occluded>
    <bndbox>
      <xmin>126.88</xmin>
      <ymin>156.71</ymin>
      <xmax>159.37</xmax>
      <ymax>182.64</ymax>
    </bndbox>
  </object>
  <object>
    <name>blue-line</name>
    <occluded>0</occluded>
    <bndbox>
      <xmin>98.19</xmin>
      <ymin>126.64</ymin>
      <xmax>117.89</xmax>
      <ymax>140.46</ymax>
    </bndbox>
  </object>
  <object>
    <name>blue-line</name>
    <occluded>0</occluded>
    <bndbox>
      <xmin>79.52</xmin>
      <ymin>106.59</ymin>
      <xmax>91.62</xmax>
      <ymax>115.23</ymax>
    </bndbox>
  </object>
</annotation>
