<annotation>
  <folder>xy</folder>
  <filename>xy_127_143_0cb415ec-677f-11eb-99a3-1c1bb530dd88.jpg</filename>
  <source>
    <database>Unknown</database>
    <annotation>Unknown</annotation>
    <image>Unknown</image>
  </source>
  <size>
    <width>224</width>
    <height>224</height>
    <depth></depth>
  </size>
  <segmented>0</segmented>
  <object>
    <name>blue-line</name>
    <occluded>0</occluded>
    <bndbox>
      <xmin>71.92</xmin>
      <ymin>181.01</ymin>
      <xmax>108.56</xmax>
      <ymax>222.84</ymax>
    </bndbox>
  </object>
  <object>
    <name>blue-line</name>
    <occluded>0</occluded>
    <bndbox>
      <xmin>120.31</xmin>
      <ymin>132.62</ymin>
      <xmax>136.21</xmax>
      <ymax>152.32</ymax>
    </bndbox>
  </object>
  <object>
    <name>blue-line</name>
    <occluded>0</occluded>
    <bndbox>
      <xmin>129.3</xmin>
      <ymin>107.04</ymin>
      <xmax>139.32</xmax>
      <ymax>116.02</ymax>
    </bndbox>
  </object>
</annotation>
