<annotation>
  <folder>xy</folder>
  <filename>xy_125_167_5fd59a2c-677d-11eb-99a3-1c1bb530dd88.jpg</filename>
  <source>
    <database>Unknown</database>
    <annotation>Unknown</annotation>
    <image>Unknown</image>
  </source>
  <size>
    <width>224</width>
    <height>224</height>
    <depth></depth>
  </size>
  <segmented>0</segmented>
  <object>
    <name>blue-line</name>
    <occluded>0</occluded>
    <bndbox>
      <xmin>115.47</xmin>
      <ymin>155.78</ymin>
      <xmax>132.06</xmax>
      <ymax>182.74</ymax>
    </bndbox>
  </object>
  <object>
    <name>blue-line</name>
    <occluded>0</occluded>
    <bndbox>
      <xmin>116.16</xmin>
      <ymin>121.21</ymin>
      <xmax>128.26</xmax>
      <ymax>134.69</ymax>
    </bndbox>
  </object>
  <object>
    <name>blue-line</name>
    <occluded>0</occluded>
    <bndbox>
      <xmin>117.55</xmin>
      <ymin>103.58</ymin>
      <xmax>126.53</xmax>
      <ymax>112.91</ymax>
    </bndbox>
  </object>
</annotation>
