<annotation>
  <folder>xy</folder>
  <filename>xy_151_127_302b6d8a-6780-11eb-99a3-1c1bb530dd88.jpg</filename>
  <source>
    <database>Unknown</database>
    <annotation>Unknown</annotation>
    <image>Unknown</image>
  </source>
  <size>
    <width>224</width>
    <height>224</height>
    <depth></depth>
  </size>
  <segmented>0</segmented>
  <object>
    <name>blue-line</name>
    <occluded>0</occluded>
    <bndbox>
      <xmin>112.01</xmin>
      <ymin>147.14</ymin>
      <xmax>135.52</xmax>
      <ymax>166.84</ymax>
    </bndbox>
  </object>
  <object>
    <name>blue-line</name>
    <occluded>0</occluded>
    <bndbox>
      <xmin>144.16</xmin>
      <ymin>120.86</ymin>
      <xmax>159.03</xmax>
      <ymax>132.62</ymax>
    </bndbox>
  </object>
  <object>
    <name>blue-line</name>
    <occluded>0</occluded>
    <bndbox>
      <xmin>155.22</xmin>
      <ymin>111.18</ymin>
      <xmax>165.94</xmax>
      <ymax>119.14</ymax>
    </bndbox>
  </object>
</annotation>
