<annotation>
  <folder>xy</folder>
  <filename>xy_114_166_eab7eb94-677e-11eb-99a3-1c1bb530dd88.jpg</filename>
  <source>
    <database>Unknown</database>
    <annotation>Unknown</annotation>
    <image>Unknown</image>
  </source>
  <size>
    <width>224</width>
    <height>224</height>
    <depth></depth>
  </size>
  <segmented>0</segmented>
  <object>
    <name>blue-line</name>
    <occluded>0</occluded>
    <bndbox>
      <xmin>97.5</xmin>
      <ymin>156.02</ymin>
      <xmax>131.37</xmax>
      <ymax>180.91</ymax>
    </bndbox>
  </object>
  <object>
    <name>blue-line</name>
    <occluded>0</occluded>
    <bndbox>
      <xmin>53.25</xmin>
      <ymin>133.9</ymin>
      <xmax>74.68</xmax>
      <ymax>144.61</ymax>
    </bndbox>
  </object>
  <object>
    <name>blue-line</name>
    <occluded>0</occluded>
    <bndbox>
      <xmin>19.72</xmin>
      <ymin>126.64</ymin>
      <xmax>34.58</xmax>
      <ymax>132.17</ymax>
    </bndbox>
  </object>
</annotation>
