<annotation>
  <folder>xy</folder>
  <filename>xy_107_134_adc092ac-6780-11eb-99a3-1c1bb530dd88.jpg</filename>
  <source>
    <database>Unknown</database>
    <annotation>Unknown</annotation>
    <image>Unknown</image>
  </source>
  <size>
    <width>224</width>
    <height>224</height>
    <depth></depth>
  </size>
  <segmented>0</segmented>
  <object>
    <name>blue-line</name>
    <occluded>0</occluded>
    <bndbox>
      <xmin>62.24</xmin>
      <ymin>156.71</ymin>
      <xmax>92.66</xmax>
      <ymax>186.09</ymax>
    </bndbox>
  </object>
  <object>
    <name>blue-line</name>
    <occluded>0</occluded>
    <bndbox>
      <xmin>95.42</xmin>
      <ymin>128.02</ymin>
      <xmax>115.82</xmax>
      <ymax>143.92</ymax>
    </bndbox>
  </object>
  <object>
    <name>blue-line</name>
    <occluded>0</occluded>
    <bndbox>
      <xmin>115.82</xmin>
      <ymin>110.04</ymin>
      <xmax>128.61</xmax>
      <ymax>119.03</ymax>
    </bndbox>
  </object>
</annotation>
