<annotation>
  <folder>xy</folder>
  <filename>xy_105_132_c4addafc-677f-11eb-99a3-1c1bb530dd88.jpg</filename>
  <source>
    <database>Unknown</database>
    <annotation>Unknown</annotation>
    <image>Unknown</image>
  </source>
  <size>
    <width>224</width>
    <height>224</height>
    <depth></depth>
  </size>
  <segmented>0</segmented>
  <object>
    <name>blue-line</name>
    <occluded>0</occluded>
    <bndbox>
      <xmin>94.04</xmin>
      <ymin>178.49</ymin>
      <xmax>116.51</xmax>
      <ymax>222.74</ymax>
    </bndbox>
  </object>
  <object>
    <name>blue-line</name>
    <occluded>0</occluded>
    <bndbox>
      <xmin>98.19</xmin>
      <ymin>123.53</ymin>
      <xmax>111.32</xmax>
      <ymax>139.08</ymax>
    </bndbox>
  </object>
  <object>
    <name>blue-line</name>
    <occluded>0</occluded>
    <bndbox>
      <xmin>93.0</xmin>
      <ymin>102.44</ymin>
      <xmax>103.72</xmax>
      <ymax>111.43</ymax>
    </bndbox>
  </object>
</annotation>
