<annotation>
  <folder>xy</folder>
  <filename>xy_132_145_6ecff21e-677f-11eb-99a3-1c1bb530dd88.jpg</filename>
  <source>
    <database>Unknown</database>
    <annotation>Unknown</annotation>
    <image>Unknown</image>
  </source>
  <size>
    <width>224</width>
    <height>224</height>
    <depth></depth>
  </size>
  <segmented>0</segmented>
  <object>
    <name>blue-line</name>
    <occluded>0</occluded>
    <bndbox>
      <xmin>146.58</xmin>
      <ymin>167.18</ymin>
      <xmax>180.46</xmax>
      <ymax>201.75</ymax>
    </bndbox>
  </object>
  <object>
    <name>blue-line</name>
    <occluded>0</occluded>
    <bndbox>
      <xmin>120.31</xmin>
      <ymin>138.15</ymin>
      <xmax>141.05</xmax>
      <ymax>154.74</ymax>
    </bndbox>
  </object>
  <object>
    <name>blue-line</name>
    <occluded>0</occluded>
    <bndbox>
      <xmin>103.72</xmin>
      <ymin>119.14</ymin>
      <xmax>117.55</xmax>
      <ymax>130.54</ymax>
    </bndbox>
  </object>
</annotation>
